issuer_name,esg_score_zscore
ISUZU MOTORS LIMITED,0.011094545398369382
ITALGAS S.P.A.,0.906951936120557
ITOCHU Corporation,1.6974143396989578
ITO ENLTD.,0.11648953254215624
ITT INC.,0.16918702611404945
ITV PLC,1.6974143396989578
IVANHOE MINES LTD,-0.09430044174541748
Iveco Group N.V.,0.16918702611404945
JABIL INC.,-0.30509041603299075
JACK HENRY & ASSOCIATES INC.,-0.09430044174541748
JACKSON FINANCIAL INC.,-0.6212753774643514
JACOBS SOLUTIONS INC.,-0.09430044174541748
JAFCO Group Co. Ltd.,-1.833317729617899
Japan Airlines Co. Ltd.,-0.6212753774643514
Japan Display Inc.,-2.202200184621153
Japan Exchange Group Inc.,0.011094545398369382
Japan Petroleum Exploration Co. Ltd.,-0.8847628453238182
JAPAN POST BANK Co.Ltd.,-0.6739728710362445
JAPAN POST HOLDINGS Co.Ltd.,-0.9901578324676047
JAPAN POST INSURANCE Co.Ltd.,-0.5685778838924577
JAPAN TOBACCO INC.,-0.6739728710362445
JARDINE CYCLE & CARRIAGE LIMITED,0.06379203897026305
JARDINE MATHESON HOLDINGS LIMITED,-2.096805197477366
JAZZ PHARMACEUTICALS PUBLIC LIMITED COMPANY,-0.09430044174541748
JB HI-FI LIMITED,0.11648953254215624
J. B. HUNT TRANSPORT SERVICES INC.,0.8015569489767707
JCDECAUX SE,0.7488594554048765
JDE Peet's N.V.,-0.7266703646081377
JD SPORTS FASHION PLC,0.16918702611404945
JEFFERIES FINANCIAL GROUP INC.,-1.6225277553303254
Jeronimo Martins SGPS S.A.,-0.041602948173523814
JFE Holdings Inc.,0.64346446826109
J.FRONT RETAILING Co. Ltd.,0.8015569489767707
JGC HOLDINGS CORPORATION,-1.0955528196113915
JOHNSON CONTROLS INTERNATIONAL PLC,0.8542544425486638
JOHNSON & JOHNSON,-0.09430044174541748
JOHNSON MATTHEY PLC,1.6974143396989578
JOHN WOOD GROUP PLC,0.8542544425486638
JONES LANG LASALLE INCORPORATED,0.8542544425486638
JPMORGAN CHASE & CO.,-0.4104854031767776
J SAINSBURY PLC,1.6974143396989578
JTEKT Corporation,-1.3590402874708585
JTOWER Inc.,-1.7279227424741121
Julius Baer Gruppe AG,0.2218845196859431
JUNIPER NETWORKS INC.,0.8542544425486638
Just Eat Takeaway.com N.V.,0.5907669746891969
JYSKE BANK A/S,0.5907669746891969
KAJIMA CORPORATION,-0.14699793531731067
Kakaku.com Inc,-0.6212753774643514
Kamigumi Co.Ltd.,-0.8847628453238182
KANEKA CORPORATION,-0.14699793531731067
KANSAI PAINT CO.LTD.,0.2745820132578363
Kao Corporation,0.7488594554048765
Kardex Holding AG,0.011094545398369382
Kawasaki Heavy Industries Ltd.,0.6961619618329833
Kawasaki Kisen Kaisha Ltd.,-0.7793678581800314
KBC ANCORA NV,1.5920193525551714
KBC GROEP NV,1.6974143396989578
KB Financial Group Inc.,1.3285318846957044
KBR INC.,1.4339268718394909
KDDI CORPORATION,1.6974143396989578
Keikyu Corporation,-0.6212753774643514
Keio Corporation,0.5907669746891969
Keisei Electric Railway Co.Ltd.,0.06379203897026305
KELLANOVA,1.6974143396989578
KENVUE INC.,-0.9901578324676047
KEPPEL CORPORATION LIMITED,1.6974143396989578
KERING SA,1.2231368975519172
KERRY GROUP PUBLIC LIMITED COMPANY,1.6974143396989578
Kerry Logistics Network Limited,-0.3577879096048844
KERRY PROPERTIES LIMITED,-0.30509041603299075
Kesko Oyj,1.6974143396989578
KEURIG DR PEPPER INC.,0.8015569489767707
Kewpie Corporation,-0.3577879096048844
KEYCORP,-0.4104854031767776
KEYENCE CORPORATION,-0.7793678581800314
KEYERA CORP.,0.906951936120557
KEYSIGHT TECHNOLOGIES INC.,1.3812293782675977
KIKKOMAN CORPORATION,0.32727950682972995
KIMBERLY-CLARK CORPORATION,0.8542544425486638
KINDEN CORPORATION,-1.569830261758432
KINDER MORGAN INC.,0.906951936120557
KINGBOARD HOLDINGS LIMITED,0.011094545398369382
KINGFISHER PLC,1.6974143396989578
KINGSPAN GROUP PUBLIC LIMITED COMPANY,0.906951936120557
Kinnevik AB,1.6974143396989578
KINROSS GOLD CORPORATION,0.06379203897026305
Kintetsu Group Holdings Co.Ltd.,0.11648953254215624
KION GROUP AG,1.6974143396989578
Kirin Holdings Company Limited,0.64346446826109
KKR & CO. INC.,-1.2536453003270716
KLA CORPORATION,-0.041602948173523814
KNIGHT-SWIFT TRANSPORTATION HOLDINGS INC.,0.11648953254215624
Knorr-Bremse Aktiengesellschaft,0.32727950682972995
KNOWLES CORPORATION,-0.30509041603299075
KOBAYASHI PHARMACEUTICAL CO.LTD.,-0.8847628453238182
KOBE BUSSAN CO. LTD.,-0.6739728710362445
Kobe Steel Ltd.,0.64346446826109
KOC HOLDING ANONIM SIRKETI,-1.2536453003270716
KOEI TECMO HOLDINGS CO. LTD.,-0.9901578324676047
KOHL'S CORPORATION,0.43267449397351637
KOITO MANUFACTURING CO. LTD.,-0.8320653517519245
KOMATSU LTD.,0.5907669746891969
Komax Holding AG,0.011094545398369382
KONAMI GROUP CORPORATION,0.7488594554048765
Konecranes Abp,1.0123469232643434
KONE Oyj,0.6961619618329833
KONGSBERG GRUPPEN ASA,1.3812293782675977
KONICA MINOLTA INC.,0.8542544425486638
Koninklijke Ahold Delhaize N.V.,1.2231368975519172
Koninklijke BAM Groep N.V.,1.6974143396989578
Koninklijke KPN N.V.,1.6974143396989578
Koninklijke Philips N.V.,-2.78187261391198
Koninklijke Vopak N.V.,1.6974143396989578
Kontoor Brands Inc.,0.11648953254215624
KOREA AEROSPACE INDUSTRIES LTD.,-1.9387127167616858
Kornit Digital Ltd,0.906951936120557
KOSE Corporation,-0.6212753774643514
K+S Aktiengesellschaft,0.43267449397351637
KT&G Corporation,0.6961619618329833
KUBOTA CORPORATION,1.0650444168362376
Kuehne + Nagel International AG,1.6974143396989578
KURARAY CO.LTD.,0.8542544425486638
Kurita Water Industries Ltd.,0.5380694811173032
KYNDRYL HOLDINGS INC.,-1.2536453003270716
KYOCERA CORPORATION,0.16918702611404945
Kyoto Financial Group Inc.,-2.202200184621153
Kyowa Kirin Co. Ltd.,0.48537198754541006
Kyushu Electric Power Company Incorporated,-0.3577879096048844
Kyushu Railway Company,0.906951936120557
L3HARRIS TECHNOLOGIES INC.,0.3799770004016232
LABORATORY CORPORATION OF AMERICA HOLDINGS,0.6961619618329833
LA FRANCAISE DES JEUX SA,0.5907669746891969
L'AIR LIQUIDE SOCIETE ANONYME POUR L'ETUDE ET L'EXPLOITATION DES PROCEDES GEORGES CLAUDE SA,-0.041602948173523814
LAMB WESTON HOLDINGS INC.,0.43267449397351637
LAM RESEARCH CORPORATION,1.6974143396989578
LANCASHIRE HOLDINGS LIMITED,-1.0955528196113915
Landis+Gyr Group AG,0.5907669746891969
LANXESS Aktiengesellschaft,0.5907669746891969
LARSEN AND TOUBRO LIMITED,-1.6225277553303254
Lasertec Corporation,-3.045360081771447
LAS VEGAS SANDS CORP.,-0.8847628453238182
LATTICE SEMICONDUCTOR CORPORATION,0.16918702611404945
LEAR CORPORATION,-0.19969542888920389
LEGAL & GENERAL GROUP PLC,1.2231368975519172
LEGGETT & PLATT INCORPORATED,0.5907669746891969
LEG Immobilien SE,0.9596494296924503
LEGRAND SA,0.32727950682972995
LEIDOS HOLDINGS INC.,0.16918702611404945
L E Lundbergforetagen Aktiebolag (publ),-2.0441077039054725
Lem Holding SA,-0.4631828967486708
LENNAR CORPORATION,-1.7279227424741121
LENNOX INTERNATIONAL INC.,1.5393218589832773
LEONARDO - SOCIETA PER AZIONI,-0.041602948173523814
Leonteq AG,0.5380694811173032
LEOPALACE21 CORPORATION,-2.571082639624406
LG Corp.,-1.411737781042752
LG ELECTRONICS INC.,-0.09430044174541748
LIBERTY BROADBAND CORPORATION,-2.149502691049259
Liberty Global Ltd.,-1.4644352746146454
LIBERTY LATIN AMERICA LTD.,-0.7793678581800314
Lifco AB (publ),-0.7266703646081377
Lightspeed Commerce Inc,0.16918702611404945
LIG Nex1 Co. Ltd.,0.5380694811173032
LINCOLN NATIONAL CORPORATION,-0.8847628453238182
LINDE PUBLIC LIMITED COMPANY,-0.25239292246109757
Lion Corporation,0.7488594554048765
LIVE NATION ENTERTAINMENT INC.,-1.6752252489022188
LIXIL Corporation,1.6974143396989578
LKQ CORPORATION,1.4339268718394909
LLOYDS BANKING GROUP PLC,0.6961619618329833
LOBLAW COMPANIES LTD,-0.041602948173523814
Localiza Rent a Car S.A.,0.06379203897026305
LOCKHEED MARTIN CORPORATION,0.3799770004016232
LOEWS CORPORATION,-1.6225277553303254
Logitech international S.A.,1.6974143396989578
LONDON STOCK EXCHANGE GROUP PLC,0.43267449397351637
Lonza Group AG,1.5393218589832773
L'OREAL SA,0.7488594554048765
Lotus Bakeries NV,-0.09430044174541748
LOWE'S COMPANIES INC.,0.64346446826109
LPL FINANCIAL HOLDINGS INC.,-0.09430044174541748
LTIMindtree Ltd,-0.4104854031767776
L&T TECHNOLOGY SERVICES LIMITED,-1.148250313183285
LUCID GROUP INC.,0.16918702611404945
LULULEMON ATHLETICA INC.,0.43267449397351637
LUMEN TECHNOLOGIES INC.,0.32727950682972995
Lundin Mining Corporation,0.011094545398369382
Luzerner Kantonalbank AG,0.32727950682972995
LVMH MOET HENNESSY LOUIS VUITTON SE,0.43267449397351637
LY Corporation,0.9596494296924503
LYFT INC.,-0.6739728710362445
LYNAS RARE EARTHS LIMITED,0.5907669746891969
LyondellBasell Industries N.V.,0.8542544425486638
M3 Inc.,-2.6237801331962998
MABUCHI MOTOR CO. LTD.,0.06379203897026305
MACQUARIE GROUP LIMITED.,0.906951936120557
MACY'S INC.,1.6974143396989578
Magellan Financial Group Ltd,-0.041602948173523814
Magna International Inc.,-0.041602948173523814
MAINFREIGHT LIMITED,-1.8860152231897922
Makita Corporation,-1.833317729617899
Mandatum Oyj,-0.4104854031767776
MANHATTAN ASSOCIATES INC.,0.32727950682972995
MANPOWERGROUP INC.,-0.25239292246109757
MANULIFE FINANCIAL CORP,0.32727950682972995
MAPFRE S.A.,0.6961619618329833
MARATHON OIL CORPORATION,0.06379203897026305
MARATHON PETROLEUM CORPORATION,-0.4104854031767776
Markel Group Inc.,-2.676477626768193
MARKETAXESS HOLDINGS INC.,0.43267449397351637
MARKS AND SPENCER GROUP P.L.C.,0.7488594554048765
MARRIOTT INTERNATIONAL INC.,-1.148250313183285
MARSH & MCLENNAN COMPANIES INC.,-0.19969542888920389
MARTIN MARIETTA MATERIALS INC.,0.16918702611404945
Marubeni Corporation,1.0650444168362376
Maruichi Steel Tube Ltd.,-0.7793678581800314
MARUI GROUP CO.LTD.,0.5380694811173032
MARVELL TECHNOLOGY INC,0.8542544425486638
MASCO CORPORATION,-0.8320653517519245
MASIMO CORPORATION,-1.833317729617899
MASTERBRAND INC.,-1.833317729617899
MASTERCARD INCORPORATED.,0.2745820132578363
MATCH GROUP INC.,-1.6752252489022188
MATSUI SECURITIES CO. LTD.,-2.3075951717649392
MatsukiyoCocokara & Co.,0.906951936120557
MATTEL INC.,0.06379203897026305
Mazda Motor Corporation,-0.25239292246109757
MCCORMICK & COMPANY INCORPORATED,0.8542544425486638
MCDONALD'S CORPORATION,-0.4104854031767776
McDonald's Holdings Company (Japan) Ltd.,-0.041602948173523814
MCKESSON CORPORATION,0.8015569489767707
MDU RESOURCES GROUP INC.,0.7488594554048765
Mebuki Financial Group Inc.,-0.9374603388957115
Medacta Group SA,0.7488594554048765
Medartis Holding AG,0.32727950682972995
MEDIBANK PRIVATE LIMITED,-0.4104854031767776
MEDIOBANCA BANCA DI CREDITO FINANZIARIO SOCIETA PER AZIONI,0.8015569489767707
MEDIPAL HOLDINGS CORPORATION,0.16918702611404945
Medley Inc,-1.5171327681865387
medmix AG,0.06379203897026305
MEDTRONIC PUBLIC LIMITED COMPANY,-1.148250313183285
MEG Energy Corp.,0.48537198754541006
Meier Tobler Group AG,-1.2536453003270716
Meiji Holdings Co.Ltd.,0.16918702611404945
MELROSE INDUSTRIES PLC,0.1902660235428068
MercadoLibre Inc.,-0.14699793531731067
Mercari Inc.,0.2745820132578363
Mercedes-Benz Group AG,-0.25239292246109757
MERCK & CO. INC.,-0.09430044174541748
MERCK Kommanditgesellschaft auf Aktien,1.6974143396989578
MERCURY NZ LIMITED,0.43267449397351637
MERIDIAN ENERGY LIMITED,1.1177419104081308
Metall Zug AG,0.2218845196859431
META PLATFORMS INC.,-2.412990158908726
METCASH LIMITED,1.6974143396989578
METHANEX CORPORATION,0.43267449397351637
METLIFE INC.,0.06379203897026305
METRO AG,1.5393218589832773
METRO INC.,0.43267449397351637
METROPOLE TELEVISION SA,0.16918702611404945
Metso Oyj,1.6974143396989578
METTLER-TOLEDO INTERNATIONAL INC.,0.5907669746891969
Meyer Burger Technology AG,-0.7793678581800314
MGM China Holdings Limited,-0.4104854031767776
MGM RESORTS INTERNATIONAL,-0.7793678581800314
M&G PLC,0.5380694811173032
MICROCHIP TECHNOLOGY INCORPORATED,-0.3577879096048844
MICRON TECHNOLOGY INC.,0.011094545398369382
MICROSOFT CORPORATION,1.3285318846957044
MICROSTRATEGY INCORPORATED,-1.0428553260394984
MinebeaMitsumi Inc.,-0.14699793531731067
MINERAL RESOURCES LIMITED,0.906951936120557
MISUMI Group Inc.,-0.3577879096048844
Mitsubishi Chemical Group Corporation,0.7488594554048765
Mitsubishi Corporation,0.011094545398369382
Mitsubishi Electric Corporation,0.906951936120557
Mitsubishi Estate Company Limited,0.3799770004016232
MITSUBISHI GAS CHEMICAL COMPANYINC.,-1.3063427938989651
Mitsubishi HC Capital Inc.,-0.9901578324676047
Mitsubishi Heavy Industries Ltd.,0.8542544425486638
Mitsubishi Logistics Corporation,-1.7279227424741121
MITSUBISHI MATERIALS CORPORATION,0.8542544425486638
MITSUBISHI MOTORS CORPORATION,-1.411737781042752
Mitsubishi UFJ Financial Group Inc.,-0.19969542888920389
Mitsui Chemicals Inc.,0.8542544425486638
MITSUI & CO. LTD.,0.16918702611404945
Mitsui Fudosan Co. Ltd.,0.64346446826109
Mitsui Mining and Smelting Company Limited,0.11648953254215624
Mitsui O.S.K. Lines Ltd.,-0.7793678581800314
MIURA CO. LTD.,0.906951936120557
MIXI Inc.,-0.4104854031767776
MIZRAHI TEFAHOT BANK LTD,-0.19969542888920389
Mizuho Financial Group Inc.,0.6961619618329833
MLP SE,-0.5158803903205644
MOBICO GROUP PLC,0.5907669746891969
mobilezone holding ag,-0.6739728710362445
Mobimo Holding AG,1.2231368975519172
MODERNA INC.,-0.9374603388957115
MOHAWK INDUSTRIES INC.,-1.0428553260394984
Molecular Partners AG,0.5907669746891969
MOLINA HEALTHCARE INC.,0.8015569489767707
MOLSON COORS BEVERAGE COMPANY,1.1177419104081308
MONCLER S.P.A.,1.6974143396989578
Monday.Com Ltd,-0.041602948173523814
Mondelez International Inc.,-0.25239292246109757
MONDI PLC,1.3812293782675977
MONGODB INC.,0.06379203897026305
MONOLITHIC POWER SYSTEMS INC.,-0.6212753774643514
MonotaRO Co Ltd,-0.09430044174541748
MONSTER BEVERAGE CORPORATION,-1.5171327681865387
Montana Aerospace AG,-1.0955528196113915
MOODY'S CORPORATION,0.43267449397351637
MORGAN STANLEY,0.43267449397351637
MorphoSys AG,-0.9374603388957115
MOTOROLA SOLUTIONS INC.,0.011094545398369382
MOWI ASA,0.8542544425486638
MS&AD Insurance Group Holdings Inc.,0.2745820132578363
M&T BANK CORPORATION,-0.5685778838924577
MTN GROUP LIMITED,0.8015569489767707
MTR CORPORATION LIMITED,1.6974143396989578
MTU Aero Engines AG,0.3799770004016232
Muenchener Rueckversicherungs-Gesellschaft Aktiengesellschaft in Muenchen,1.4339268718394909
Murata Manufacturing Co. Ltd.,0.011094545398369382
MURPHY OIL CORPORATION,-0.19969542888920389
MYRIAD GENETICS INC.,-0.9374603388957115
Nabtesco Corporation,0.6961619618329833
Nagoya Railroad Co. Ltd.,0.5907669746891969
NAN YA PLASTICS CORPORATION,-1.2536453003270716
NASDAQ INC.,0.5380694811173032
NATIONAL AUSTRALIA BANK LIMITED,0.06379203897026305
NATIONAL BANK OF CANADA,1.6974143396989578
NATIONAL GRID PLC,1.3812293782675977
Naturgy Energy Group S.A.,1.6974143396989578
NATWEST GROUP PLC,0.8015569489767707
NEC Corporation,0.8015569489767707
NEKTAR THERAPEUTICS,-1.9914102103335791
NEMETSCHEK SE,0.16918702611404945
Neste Oyj,1.6974143396989578
Nestle S.A.,-0.25239292246109757
NETAPP INC.,0.64346446826109
NETFLIX INC.,-1.833317729617899
NEUROCRINE BIOSCIENCES INC.,-0.3577879096048844
NEWELL BRANDS INC.,0.06379203897026305
NEW GOLD INC.,0.2218845196859431
NEWMONT CORPORATION,0.5380694811173032
NEWS CORPORATION,-1.569830261758432
New World Development Company Limited,-0.6212753774643514
NEW YORK COMMUNITY BANCORP INC.,-2.571082639624406
NEXI SPA,0.2745820132578363
NEXON Co. Ltd.,-1.4644352746146454
NEXTERA ENERGY INC.,0.32727950682972995
NEXT PLC,0.5380694811173032
NGK INSULATORS LTD.,0.011094545398369382
NH Foods Ltd.,-1.0955528196113915
NH HOTEL GROUP S.A.,0.2218845196859431
NIBE Industrier AB,0.32727950682972995
NICE LTD,0.8015569489767707
NICHIREI CORPORATION,0.8542544425486638
NIDEC CORPORATION,0.06379203897026305
Nihon M&A Center Holdings Inc.,-0.6212753774643514
NIKE INC.,-1.4644352746146454
NIKON CORPORATION,1.6974143396989578
Nintendo Co. Ltd.,0.2745820132578363
Nippon Electric Glass Co. Ltd.,-1.8860152231897922
NIPPON EXPRESS HOLDINGS INC.,0.011094545398369382
NIPPON PAINT HOLDINGS CO. LTD.,0.16918702611404945
NIPPON SANSO HOLDINGS CORPORATION,-1.2009478067551784
Nippon Sheet Glass Company Limited,-1.2009478067551784
NIPPON STEEL CORPORATION,-0.4631828967486708
NIPPON TELEGRAPH AND TELEPHONE CORPORATION,0.2218845196859431
Nippon Yusen Kabushiki Kaisha,0.5907669746891969
Nishimatsu Construction Co. Ltd.,-0.041602948173523814
NISOURCE INC.,1.1177419104081308
NISSAN MOTOR CO. LTD.,-1.0955528196113915
Nissha Co. Ltd.,0.32727950682972995
Nisshinbo Holdings Inc.,-0.19969542888920389
NISSHIN SEIFUN GROUP INC.,-0.6739728710362445
NISSIN FOODS HOLDINGS CO.LTD.,-0.25239292246109757
Niterra Co. Ltd.,1.0650444168362376
Nitori Holdings Co. Ltd.,-0.25239292246109757
NITTO DENKO CORPORATION,0.6961619618329833
NN Group N.V.,0.64346446826109
NOF CORPORATION,-2.0441077039054725
NOK CORPORATION,-0.6739728710362445
Nokian Renkaat Oyj,1.6974143396989578
Nokia Oyj,1.6974143396989578
Nomura Holdings Inc.,0.906951936120557
Nomura Real Estate Holdings Inc.,-0.30509041603299075
Nomura Research Institute Ltd.,1.6974143396989578
Nordea Bank Abp,0.43267449397351637
Nordex SE,-0.30509041603299075
NORDSON CORPORATION,-0.14699793531731067
NORDSTROM INC.,0.2745820132578363
NORFOLK SOUTHERN CORPORATION,-0.5158803903205644
Norsk Hydro ASA,0.906951936120557
NORTHERN STAR RESOURCES LTD,0.5380694811173032
NORTHERN TRUST CORPORATION,0.3799770004016232
NORTHLAND POWER INC.,0.2745820132578363
Northrop Grumman Corporation,0.5380694811173032
NORWEGIAN AIR SHUTTLE ASA,-0.4631828967486708
NORWEGIAN CRUISE LINE HOLDINGS LTD.,-0.30509041603299075
NOS SGPS S.A.,0.11648953254215624
Novartis AG,0.3799770004016232
NOVAVAX INC.,-2.0441077039054725
NOV INC.,-0.041602948173523814
NOVOCURE LIMITED,0.06379203897026305
NOVO NORDISK A/S,0.9596494296924503
NOVOZYMES A/S,0.9596494296924503
NOW INC.,0.16918702611404945
NRG ENERGY INC.,-1.6752252489022188
NSK Ltd.,-0.19969542888920389
NTN CORPORATION,0.43267449397351637
NTT DATA GROUP CORPORATION,-0.041602948173523814
NUANCE COMMUNICATIONS INC.,-0.3577879096048844
NUCOR CORPORATION,0.906951936120557
NUFARM LIMITED,0.43267449397351637
Nutrien Ltd.,0.906951936120557
NVENT ELECTRIC PLC,-0.5158803903205644
NVIDIA CORPORATION,1.2231368975519172
NVR Inc.,-0.4104854031767776
NWS HOLDINGS LIMITED,0.06379203897026305
NXP Semiconductors N.V.,1.3812293782675977
NYRSTAR NV,-1.9914102103335791
OBAYASHI CORPORATION,0.6961619618329833
OBIC Co.Ltd.,-1.6752252489022188
OCADO GROUP PLC,0.5907669746891969
OCCIDENTAL PETROLEUM CORPORATION,-0.19969542888920389
OCI N.V.,0.16918702611404945
OC Oerlikon Corporation AG Pfaeffikon,0.906951936120557
Odakyu Electric Railway Co.Ltd.,0.2218845196859431
Oersted A/S,1.6974143396989578
OGE ENERGY CORP.,-0.30509041603299075
Oji Holdings Corporation,-0.6212753774643514
OKTA INC.,-0.30509041603299075
OLD DOMINION FREIGHT LINE INC.,0.5907669746891969
OLD REPUBLIC INTERNATIONAL CORPORATION,-0.9374603388957115
OLYMPUS CORPORATION,-1.569830261758432
OMNICOM GROUP INC.,-0.7793678581800314
OMRON Corporation,1.3812293782675977
OMV Aktiengesellschaft,1.1704394039800239
ONEOK INC.,1.1704394039800239
ONEX CORPORATION,-1.833317729617899
ONO PHARMACEUTICAL CO. LTD.,0.2745820132578363
ON SEMICONDUCTOR CORPORATION,0.011094545398369382
ONWARD HOLDINGS CO. LTD.,-2.78187261391198
Open House Group Co.LTD.,-0.4104854031767776
Open Text Corporation,1.3285318846957044
ORACLE CORPORATION,0.16918702611404945
ORACLE CORPORATION JAPAN,-0.19969542888920389
ORANGE BELGIUM SA,-0.9901578324676047
ORANGE SA,-0.041602948173523814
O'Reilly Automotive Inc.,-1.4644352746146454
ORGANON & CO.,-0.3577879096048844
ORICA LIMITED,1.0650444168362376
ORIENTAL LAND CO.LTD.,0.8542544425486638
ORIENT OVERSEAS (INTERNATIONAL) LIMITED,-1.569830261758432
ORIGIN ENERGY LIMITED,-0.5158803903205644
Orion Oyj,0.3799770004016232
ORIX CORPORATION,0.5380694811173032
ORKLA ASA,1.6974143396989578
ORORA LIMITED,0.8015569489767707
Orron Energy AB,0.43267449397351637
OSAKA GAS CO. LTD.,0.16918702611404945
OSAKA Titanium technologies Co.Ltd.,-0.7793678581800314
OSHKOSH CORPORATION,1.6974143396989578
OTIS WORLDWIDE CORPORATION,-0.041602948173523814
OTSUKA CORPORATION,-0.041602948173523814
Otsuka Holdings Co. Ltd.,0.11648953254215624
Outokumpu Oyj,0.5380694811173032
OVERSEA-CHINESE BANKING CORPORATION LIMITED,0.32727950682972995
OVINTIV INC.,1.5393218589832773
OWENS CORNING,0.7488594554048765
PACCAR INC,-0.9374603388957115
PACIFIC BASIN SHIPPING LIMITED,-0.9374603388957115
PACKAGING CORPORATION OF AMERICA,-1.0428553260394984
PALADIN ENERGY LTD,0.32727950682972995
PALANTIR TECHNOLOGIES INC.,-2.3075951717649392
PALO ALTO NETWORKS INC.,0.43267449397351637
Pan American Silver Corp.,-1.2536453003270716
Panasonic Holdings Corporation,0.9438401816208826
Pandora A/S,1.6974143396989578
Pan Ocean Co. Ltd.,-1.569830261758432
Pan Pacific International Holdings Corporation,0.64346446826109
PARAMOUNT GLOBAL,0.06379203897026305
PARKER-HANNIFIN CORPORATION,-0.6739728710362445
PARKLAND CORPORATION.,0.8015569489767707
PARTNER COMMUNICATIONS COMPANY LTD.,0.5907669746891969
Partners Group Holding AG,0.06379203897026305
PATTERSON COMPANIES INC.,1.6974143396989578
PATTERSON-UTI ENERGY INC.,-1.833317729617899
PAYCHEX INC.,0.2745820132578363
PAYCOM SOFTWARE INC.,0.011094545398369382
PAYPAL HOLDINGS INC.,-0.09430044174541748
PCCW LIMITED,0.11648953254215624
Peach Property Group AG,-0.25239292246109757
PEARSON PLC,0.906951936120557
AUTODESK INC.,1.6974143396989578
AUTOLIV INC.,-1.9914102103335791
AUTOMATIC DATA PROCESSING INC.,1.5920193525551714
AUTONATION INC.,-0.30509041603299075
Autoneum Holding AG,-0.19969542888920389
AUTOZONE INC.,-0.14699793531731067
AVANGRID INC.,1.3285318846957044
AVANTOR INC.,0.48537198754541006
AVERY DENNISON CORPORATION,0.43267449397351637
AviChina Industry & Technology Company Limited,-2.834570107483873
AVIVA PLC,1.6974143396989578
AVNET INC.,1.2231368975519172
Avolta AG,0.011094545398369382
AXA SA,1.1704394039800239
AXIS CAPITAL HOLDINGS LIMITED,-0.7793678581800314
AXON ENTERPRISE INC.,0.7488594554048765
Azbil Corporation,1.6974143396989578
AZRIELI GROUP LTD.,-1.6225277553303254
B2GOLD CORP.,0.5380694811173032
BABCOCK INTERNATIONAL GROUP PLC,-0.041602948173523814
Bachem Holding AG,-0.7266703646081377
BAE SYSTEMS PLC,0.7488594554048765
BAKER HUGHES COMPANY,0.5380694811173032
BALFOUR BEATTY PLC,0.43267449397351637
BALL CORPORATION,0.5380694811173032
Baloise Holding AG,0.6961619618329833
BANCA MONTE DEI PASCHI DI SIENA S.P.A.,-1.6752252489022188
Banco Bilbao Vizcaya Argentaria S.A.,0.8015569489767707
BANCO BPM SOCIETA PER AZIONI,0.06379203897026305
Banco de Sabadell S.A.,0.8015569489767707
Banco Santander S.A.,0.5907669746891969
Bandai Namco Holdings Inc.,-0.30509041603299075
BANDHAN BANK LIMITED,-0.30509041603299075
BANK HAPOALIM B.M.,0.6961619618329833
BANKINTER S.A.,0.06379203897026305
BANK LEUMI LE ISRAEL B.M.,-0.041602948173523814
BANK OF AMERICA CORPORATION,-0.30509041603299075
BANK OF IRELAND GROUP PUBLIC LIMITED COMPANY,0.06379203897026305
BANK OF MONTREAL,0.43267449397351637
BANPU PUBLIC COMPANY LIMITED,0.48537198754541006
Banque Cantonale de Geneve,-1.2009478067551784
Banque Cantonale du Valais,-0.6739728710362445
Banque Cantonale Vaudoise,0.5907669746891969
BARCLAYS PLC,0.6961619618329833
BARRATT DEVELOPMENTS P L C,1.2231368975519172
BARRICK GOLD CORP,-1.2536453003270716
Barry Callebaut AG,0.32727950682972995
Basellandschaftliche Kantonalbank,0.8015569489767707
BASF SE,-0.19969542888920389
Basilea Pharmaceutica AG Allschwil,-2.0441077039054725
Basler Kantonalbank,0.06379203897026305
BATH & BODY WORKS INC.,0.11648953254215624
BAUSCH HEALTH COMPANIES INC.,0.3799770004016232
BAWAG Group AG,1.1704394039800239
BAXTER INTERNATIONAL INC.,-0.30509041603299075
BayCurrent Consulting Inc.,-1.4644352746146454
Bayer Aktiengesellschaft,-0.19969542888920389
Bayerische Motoren Werke Aktiengesellschaft,0.3799770004016232
BAYTEX ENERGY CORP.,-0.8847628453238182
BCE Inc.,-0.7793678581800314
Bechtle AG,-0.19969542888920389
BECTON DICKINSON AND COMPANY,-0.6212753774643514
Beiersdorf Aktiengesellschaft,0.06379203897026305
Beijer Ref AB (publ),-0.09430044174541748
Bekaert NV,0.5380694811173032
Belimo Holding AG,0.8542544425486638
Bell Food Group AG,0.32727950682972995
BELLWAY P L C,0.8542544425486638
BENDIGO AND ADELAIDE BANK LIMITED,0.16918702611404945
BENTLEY SYSTEMS INCORPORATED,-0.4104854031767776
BERKSHIRE HATHAWAY INC.,-1.8860152231897922
Berner Kantonalbank AG,0.06379203897026305
BE Semiconductor Industries N.V.,0.48537198754541006
BEST BUY CO. INC.,1.6974143396989578
BEZEQ THE ISRAELI TELECOMMUNICATION CORP LTD,0.48537198754541006
BHARAT HEAVY ELECTRICALS LIMITED,-2.78187261391198
BHP GROUP LIMITED,-0.041602948173523814
Bilfinger SE,-0.8320653517519245
BILL HOLDINGS INC.,-0.7266703646081377
BIOGEN INC.,0.3799770004016232
BIOMARIN PHARMACEUTICAL INC.,-1.3063427938989651
BIOMERIEUX SA,0.2218845196859431
BIO-RAD LABORATORIES INC.,-0.9901578324676047
BIO-TECHNE CORPORATION,-0.4631828967486708
BKW AG,-0.6212753774643514
BlackBerry Limited,0.6961619618329833
BLACKROCK INC.,-0.3577879096048844
Blackstone Inc,-1.6752252489022188
BLOCK INC.,-1.7806202360460057
BLUESCOPE STEEL LIMITED,0.7488594554048765
B&M European Value Retail S.A.,-0.19969542888920389
BNP PARIBAS SA,0.5907669746891969
BOC HONG KONG (HOLDINGS) LIMITED,0.6961619618329833
Boliden AB,1.6974143396989578
BOLLORE SE,-1.569830261758432
BOMBARDIER INC.,-2.149502691049259
BOOKING HOLDINGS INC.,-0.19969542888920389
Capri Holdings Limited,-0.5158803903205644
BOOZ ALLEN HAMILTON HOLDING CORPORATION,-1.2536453003270716
BORGWARNER INC.,0.11648953254215624
Bossard Holding AG,-0.4631828967486708
BOSTON SCIENTIFIC CORPORATION,-1.148250313183285
BOUYGUES SA,0.906951936120557
BPER BANCA S.P.A.,0.5907669746891969
BPOST SA,-0.25239292246109757
BP P.L.C.,-0.30509041603299075
BRAMBLES LIMITED,1.6974143396989578
BREAD FINANCIAL HOLDINGS INC.,-0.8320653517519245
Brenntag SE,-0.4631828967486708
BRIDGESTONE CORPORATION,1.6974143396989578
BRIGHTHOUSE FINANCIAL INC.,-1.6225277553303254
BRISTOL-MYERS SQUIBB COMPANY,0.11648953254215624
BRITISH AMERICAN TOBACCO P.L.C.,-0.09430044174541748
BROADCOM INC.,-0.4631828967486708
BROADRIDGE FINANCIAL SOLUTIONS INC.,0.8015569489767707
BROOKFIELD ASSET MANAGEMENT LTD,-0.9374603388957115
Brookfield Corporation,0.3799770004016232
BROOKFIELD RENEWABLE CORPORATION,0.2745820132578363
BROTHER INDUSTRIES LTD.,0.8015569489767707
BROWN & BROWN INC.,-0.5685778838924577
BROWN-FORMAN CORPORATION,0.32727950682972995
BRP Inc.,-1.411737781042752
BT GROUP PLC,0.906951936120557
Bucher Industries AG,-0.6212753774643514
BUDWEISER BREWING COMPANY APAC LIMITED,0.906951936120557
BUILDERS FIRSTSOURCE INC.,0.11648953254215624
Bunge Global SA,1.6974143396989578
BUNZL PUBLIC LIMITED COMPANY,0.906951936120557
BURBERRY GROUP PLC,1.6974143396989578
Burckhardt Compression Holding AG,0.32727950682972995
BUREAU VERITAS SA,0.2745820132578363
Burkhalter Holding AG,0.06379203897026305
BURLINGTON STORES INC.,0.64346446826109
Bystronic AG,-1.5171327681865387
CABLE ONE INC.,1.5920193525551714
CADENCE DESIGN SYSTEMS INC.,0.6961619618329833
CAE INC.,1.3812293782675977
CAESARS ENTERTAINMENT INC.,-0.30509041603299075
Caixabank S.A.,0.16918702611404945
CAMECO CORP,0.8542544425486638
CAMPBELL SOUP COMPANY,0.8542544425486638
CANADIAN IMPERIAL BANK OF COMMERCE,0.8015569489767707
CANADIAN NATIONAL RAILWAY CO,0.906951936120557
CANADIAN NATURAL RESOURCES LIMITED,-0.19969542888920389
CANADIAN PACIFIC KANSAS CITY LTD,-0.25239292246109757
CANADIAN TIRE CORPORATION LIMITED,0.8015569489767707
CANADIAN UTILITIES LIMITED,-0.30509041603299075
CANON INC.,-0.6739728710362445
Canon Marketing Japan Inc.,0.16918702611404945
Canopy Growth Corporation,-1.0428553260394984
CAPCOM CO. LTD.,-0.19969542888920389
CAPGEMINI SE,0.06379203897026305
CAPITALAND INVESTMENT LIMITED,1.4339268718394909
CAPITAL ONE FINANCIAL CORPORATION,-0.25239292246109757
CAPITA PLC,-0.4631828967486708
CARDINAL HEALTH INC.,0.8015569489767707
Cargotec Oyj,0.7488594554048765
CAR GROUP LIMITED,-0.5158803903205644
CARLISLE COMPANIES INCORPORATED,-0.8320653517519245
CARLSBERG A/S,1.0123469232643434
Carl Zeiss Meditec AG,0.06379203897026305
CarMax Inc.,0.5380694811173032
Carnival Corporation,-2.202200184621153
CARNIVAL PLC,-2.096805197477366
CARREFOUR SA,0.5907669746891969
CARRIER GLOBAL CORPORATION,0.906951936120557
CARS.COM INC.,-0.6212753774643514
CARVANA CO.,-1.4644352746146454
CASINO GUICHARD-PERRACHON SA,0.2745820132578363
CASIO COMPUTER CO.LTD.,-1.2009478067551784
Castellum Aktiebolag,1.4339268718394909
CATALENT INC.,-0.5685778838924577
CATERPILLAR INC.,0.16918702611404945
CATHAY FINANCIAL HOLDING CO. LTD.,0.8015569489767707
Cboe Global Markets Inc.,0.011094545398369382
CBRE GROUP INC.,1.5920193525551714
C & C GROUP PUBLIC LIMITED COMPANY,0.64346446826109
CCL INDUSTRIES INC.,-1.9914102103335791
CDW CORPORATION,-0.30509041603299075
CECONOMY AG,0.11648953254215624
CELANESE CORPORATION,-0.6739728710362445
CELLCOM ISRAEL LTD.,-0.041602948173523814
Cellnex Telecom S.A.,0.6961619618329833
CELSIUS HOLDINGS INC.,-1.9914102103335791
Cembra Money Bank AG,1.6974143396989578
CENCORA INC.,0.8015569489767707
Cenovus Energy Inc.,-0.041602948173523814
CENTENE CORPORATION,0.6961619618329833
CENTERPOINT ENERGY INC.,-0.4104854031767776
Centerra Gold Inc.,-0.9374603388957115
Central Japan Railway Company,-0.6212753774643514
CENTRICA PLC,0.6961619618329833
CERIDIAN HCM HOLDING INC.,0.5380694811173032
CF INDUSTRIES HOLDINGS INC.,-0.6212753774643514
CGG SA,0.5380694811173032
CGI INC.,0.32727950682972995
CHAMPIONX CORPORATION,0.06379203897026305
CHARLES RIVER LABORATORIES INTERNATIONAL INC.,-1.148250313183285
CHARTER COMMUNICATIONS INC.,-0.6212753774643514
CHECK POINT SOFTWARE TECHNOLOGIES LTD.,0.16918702611404945
CHENIERE ENERGY INC.,0.906951936120557
CHESAPEAKE ENERGY CORPORATION,-1.3590402874708585
CHEVRON CORPORATION,0.16918702611404945
CHEWY INC.,-1.9914102103335791
China Merchants Port Holdings Company Limited,-1.3590402874708585
CHINA OVERSEAS LAND & INVESTMENT LTD.,-1.2009478067551784
China Resources Beer (Holdings) Company Limited,-0.7266703646081377
China Spacesat Co. Ltd.,-2.149502691049259
China Traditional Chinese Medicine Holdings Co. Limited,-1.5171327681865387
CHINESE ESTATES HOLDINGS LIMITED,-0.041602948173523814
CHIPOTLE MEXICAN GRILL INC.,-0.5633081345352684
Chiyoda Corporation,-1.2009478067551784
Chocoladefabriken Lindt & Spruengli AG,0.16918702611404945
CHORD ENERGY CORPORATION,-1.6752252489022188
CHOW TAI FOOK JEWELLERY GROUP LIMITED,-0.4631828967486708
C.H. ROBINSON WORLDWIDE INC.,1.6974143396989578
Chubb Limited,-0.9374603388957115
Chubu Electric Power Company Incorporated,-0.5685778838924577
CHUGAI PHARMACEUTICAL CO. LTD.,0.7488594554048765
Chunghwa Telecom Co. Ltd.,0.48537198754541006
CHURCH & DWIGHT CO. INC.,0.8542544425486638
CI Financial Corp.,-1.5171327681865387
CINCINNATI FINANCIAL CORPORATION,-1.833317729617899
CINTAS CORPORATION,-0.19969542888920389
CISCO SYSTEMS INC.,0.48537198754541006
CITIGROUP INC.,0.16918702611404945
CITIZENS FINANCIAL GROUP INC.,-0.041602948173523814
Citizen Watch Co. Ltd.,-0.6212753774643514
CITY DEVELOPMENTS LIMITED,1.5920193525551714
CK ASSET HOLDINGS LIMITED,-0.6212753774643514
CK HUTCHISON HOLDINGS LIMITED,-0.7266703646081377
CK INFRASTRUCTURE HOLDINGS LIMITED,-1.3590402874708585
CK Power Public Company Limited,-0.6739728710362445
Clariant AG,0.6961619618329833
CLARIVATE PLC,0.43267449397351637
CLEVELAND-CLIFFS INC.,-0.6212753774643514
CLOUDFLARE INC.,-1.4644352746146454
CLP HOLDINGS LIMITED,0.3799770004016232
CME GROUP INC.,-1.148250313183285
CMS ENERGY CORPORATION,0.3799770004016232
CNH Industrial N.V.,1.5393218589832773
COAL INDIA LTD,-3.361545043202807
Coca-Cola Bottlers Japan Holdings Inc.,-0.8320653517519245
COCA-COLA EUROPACIFIC PARTNERS PLC,1.1177419104081308
Coca-Cola HBC AG,1.0123469232643434
COCHLEAR LIMITED,1.6974143396989578
COGNEX CORPORATION,-0.4631828967486708
COGNIZANT TECHNOLOGY SOLUTIONS CORPORATION,-0.25239292246109757
COINBASE GLOBAL INC.,-2.0441077039054725
COLES GROUP LIMITED,0.7488594554048765
COLGATE-PALMOLIVE COMPANY,-0.30509041603299075
COLOPLAST A/S,0.7488594554048765
Colruyt Group NV,0.5907669746891969
COLTENE Holding AG,-0.30509041603299075
COMCAST CORPORATION,-0.8847628453238182
COMERICA INCORPORATED,-0.4104854031767776
Comet Holding AG,0.011094545398369382
COMFORTDELGRO CORPORATION LIMITED,0.906951936120557
Commerzbank Aktiengesellschaft,0.32727950682972995
COMMONWEALTH BANK OF AUSTRALIA,0.8015569489767707
COMMSCOPE HOLDING COMPANY INC.,0.8542544425486638
COMMUNITY HEALTH SYSTEMS INC.,-1.4644352746146454
COMPAGNIE DE SAINT-GOBAIN SA,0.16918702611404945
COMPAGNIE GENERALE DES ETABLISSEMENTS MICHELIN SCA,1.6974143396989578
COMPASS GROUP PLC,0.11648953254215624
COMPUTERSHARE LIMITED,1.1704394039800239
COMSYS Holdings Corporation,-0.5158803903205644
CONAGRA BRANDS INC.,0.5907669746891969
Concordia Financial Group Ltd.,0.5907669746891969
CONDUENT INCORPORATED,-2.3075951717649392
CONFLUENT INC.,0.5907669746891969
CONOCOPHILLIPS,0.3799770004016232
CONSOLIDATED EDISON INC.,0.06379203897026305
CONSTELLATION BRANDS INC.,0.11648953254215624
CONSTELLATION ENERGY CORPORATION.,-1.2009478067551784
Constellation Software Inc.,-0.8320653517519245
CONTACT ENERGY LIMITED,0.906951936120557
Continental Aktiengesellschaft,-0.041602948173523814
CONVATEC GROUP PLC,1.6974143396989578
COPART INC.,-0.4104854031767776
CORNING INCORPORATED,-0.9374603388957115
CORPORACION ACCIONA ENERGIAS RENOVABLES SA,1.3812293782675977
CORPORATION NUVEI,-0.4631828967486708
CORTEVA INC.,-0.6212753774643514
COSMO Pharmaceuticals N.V.,-1.7806202360460057
COSMOS Pharmaceutical Corporation,-0.6212753774643514
COSTAR GROUP INC.,-1.411737781042752
COSTCO WHOLESALE CORPORATION,-0.041602948173523814
Coterra Energy Inc.,-0.6212753774643514
COTY INC.,-2.0441077039054725
Covestro AG,0.06379203897026305
CREDIT AGRICOLE SA,0.32727950682972995
Credit Saison Co.Ltd.,0.11648953254215624
CRESCENT POINT ENERGY CORP.,0.8015569489767707
10X Genomics Inc,-1.148250313183285
3I GROUP PLC,1.5393218589832773
3M COMPANY,1.4339268718394909
A2A S.P.A.,-0.6212753774643514
A2 Milk Company Ltd,0.16918702611404945
AAC TECHNOLOGIES HOLDINGS INC.,-0.14699793531731067
Aalberts N.V.,-0.19969542888920389
ABB Ltd,1.6974143396989578
ABBOTT LABORATORIES,-1.148250313183285
ABBVIE INC.,-0.9374603388957115
ABC-MARTINC.,-2.412990158908726
ABERCROMBIE & FITCH CO.,-0.5633081345352684
ABRDN PLC,0.3799770004016232
AB Sagax,0.8015569489767707
Accelleron Industries AG,-2.360292665336833
ACCENTURE PUBLIC LIMITED COMPANY,0.32727950682972995
Acciona S.A.,0.64346446826109
ACCOR SA,0.06379203897026305
Acerinox S.A.,0.11648953254215624
ACKERMANS & VAN HAAREN NV,-0.8320653517519245
ACS Actividades de Construccion y Servicios S.A.,0.6961619618329833
ACTIVISION BLIZZARD INC.,-0.6212753774643514
ACUITY BRANDS INC.,1.6974143396989578
Addtech AB,-0.3577879096048844
Adecco Group AG,0.011094545398369382
ADIDAS AG,1.0123469232643434
ADIENT PUBLIC LIMITED COMPANY,-1.6752252489022188
ADLINK TECHNOLOGY INC.,-1.833317729617899
ADMIRAL GROUP PLC,0.8015569489767707
ADOBE INC.,1.6974143396989578
ADVANCE AUTO PARTS INC.,0.11648953254215624
ADVANCED MICRO DEVICES INC.,0.5380694811173032
ADVANSIX INC.,-0.8847628453238182
ADVANTEST CORPORATION,0.48537198754541006
Adyen N.V.,0.011094545398369382
AECOM,-0.25239292246109757
Aegon Ltd,0.32727950682972995
Aena SME S.A.,-0.14699793531731067
AEON CO.LTD.,0.7488594554048765
AEON Financial Service Co. Ltd.,-1.9914102103335791
AEON Mall Co. Ltd.,-0.8847628453238182
AerCap Holdings N.V.,0.43267449397351637
AEROPORTS DE PARIS SA,0.8542544425486638
AFFILIATED MANAGERS GROUP INC.,0.06379203897026305
Affirm Holdings Inc,-1.8860152231897922
AFLAC INCORPORATED,-0.9901578324676047
AfreecaTV Co. Ltd.,-1.3590402874708585
AGC Inc.,0.11648953254215624
AGCO CORPORATION,0.32727950682972995
AGEAS SA,0.5907669746891969
AGFA-GEVAERT NV,-0.14699793531731067
AGILENT TECHNOLOGIES INC.,0.5907669746891969
AGL ENERGY LIMITED,-1.411737781042752
AIA Group Limited,0.64346446826109
AIB GROUP PUBLIC LIMITED COMPANY,0.43267449397351637
AIFUL CORPORATION,-0.8320653517519245
AIRBNB INC.,-1.6752252489022188
Airbus SE,-0.6739728710362445
AIR CANADA,0.16918702611404945
AIR PRODUCTS AND CHEMICALS INC.,-0.6739728710362445
AIR WATER INC.,-0.6739728710362445
AISIN CORPORATION,-2.6237801331962998
Ajinomoto Co. Inc.,1.4339268718394909
AKAMAI TECHNOLOGIES INC.,0.32727950682972995
AKER BP ASA,0.06379203897026305
Aktiebolaget Electrolux,0.43267449397351637
Aktiebolaget Industrivarden,-1.148250313183285
Aktiebolaget SKF,0.48537198754541006
Aktiebolaget Volvo,0.7488594554048765
Akzo Nobel N.V.,1.6974143396989578
ALBEMARLE CORPORATION,-0.25239292246109757
ALBERTSONS COMPANIES INC.,-0.6739728710362445
ALCOA CORPORATION,-0.19969542888920389
Alcon AG,1.6974143396989578
ALD SA,-0.4631828967486708
Alfa Laval AB,0.906951936120557
Alfresa Holdings Corporation,-0.25239292246109757
ALGONQUIN POWER & UTILITIES CORP.,1.2231368975519172
ALIGN TECHNOLOGY INC.,-0.30509041603299075
ALIMENTATION COUCHE-TARD INC.,0.7488594554048765
ALKERMES PUBLIC LIMITED COMPANY,-0.5685778838924577
ALLEGHANY CORPORATION,-1.3590402874708585
ALLEGION PUBLIC LIMITED COMPANY,0.906951936120557
Alleima AB,-0.4631828967486708
ALLIANT ENERGY CORPORATION,0.43267449397351637
Allianz SE,0.8015569489767707
Allreal Holding AG,0.2745820132578363
ALLY FINANCIAL INC.,-0.041602948173523814
ALNYLAM PHARMACEUTICALS INC.,0.011094545398369382
ALPHABET INC.,-1.0955528196113915
ALPHA SERVICES AND HOLDINGS S.A.,-0.19969542888920389
ALPS ALPINE CO. LTD.,0.32727950682972995
ALS LIMITED,0.5380694811173032
ALSO Holding AG,-1.7279227424741121
ALSTOM SA,0.32727950682972995
AltaGas Ltd.,0.5380694811173032
ALTEN SA,-0.19969542888920389
ALTICE USA INC.,-2.0441077039054725
Altria Group Inc.,-0.3577879096048844
AMADA CO.LTD.,0.2745820132578363
Amadeus IT Group S.A.,1.6974143396989578
AMAZON.COM INC.,-1.148250313183285
AMBU A/S,0.32727950682972995
AMC ENTERTAINMENT HOLDINGS INC.,-0.8847628453238182
AMCOR PLC,0.5380694811173032
AMEREN CORPORATION,0.16918702611404945
AMERICAN AIRLINES GROUP INC.,-0.6212753774643514
AMERICAN EAGLE OUTFITTERS INC.,0.011094545398369382
AMERICAN ELECTRIC POWER COMPANY INC.,-0.041602948173523814
AMERICAN EXPRESS COMPANY,0.32727950682972995
AMERICAN FINANCIAL GROUP INC.,-2.149502691049259
AMERICAN INTERNATIONAL GROUP INC.,-1.0428553260394984
AMERICAN WATER WORKS COMPANY INC.,0.2745820132578363
AMERIPRISE FINANCIAL INC.,-0.3577879096048844
AMETEK INC.,-1.148250313183285
AMGEN INC.,0.5907669746891969
AMPHENOL CORPORATION,-0.30509041603299075
AMPLIFON S.P.A.,0.8015569489767707
AMP LIMITED,-0.5158803903205644
AMPOL LIMITED,0.43267449397351637
ams-OSRAM AG,-1.2536453003270716
AMUNDI SA,0.2218845196859431
ANA HOLDINGS INC.,0.906951936120557
ANALOG DEVICES INC.,-0.6739728710362445
Andritz AG,0.6961619618329833
ANGLO AMERICAN PLC,0.8015569489767707
ANHEUSER-BUSCH INBEV SA,0.8015569489767707
ANSELL LIMITED,0.5907669746891969
ANSYS INC.,0.8015569489767707
ANTERO RESOURCES CORPORATION,0.8015569489767707
ANTOFAGASTA PLC,0.48537198754541006
ANYWHERE REAL ESTATE INC.,0.8542544425486638
ANZ GROUP HOLDINGS LIMITED,0.32727950682972995
Aon plc,-0.6739728710362445
A. O. SMITH CORPORATION,-1.0428553260394984
Aozora Bank Ltd.,-0.4104854031767776
APA CORPORATION,0.06379203897026305
APERAM SA,1.0650444168362376
APG SGA SA,-0.30509041603299075
A.P. MOELLER - MAERSK A/S,0.43267449397351637
APOLLO GLOBAL MANAGEMENT INC.,-0.7793678581800314
APPLE INC.,-0.5685778838924577
APPLIED MATERIALS INC.,1.6974143396989578
APPLOVIN CORPORATION,-1.9387127167616858
APTIV PLC,0.7488594554048765
ARAMARK,0.11648953254215624
Arbonia AG,-0.6739728710362445
ArcelorMittal SA,-1.4644352746146454
ARCH CAPITAL GROUP LTD.,-0.9374603388957115
ARCHER-DANIELS-MIDLAND COMPANY.,0.32727950682972995
ARCONIC CORPORATION,0.48537198754541006
ARC RESOURCES LTD,1.6974143396989578
ARES MANAGEMENT CORPORATION,-1.3590402874708585
argenx SE,0.011094545398369382
ARIAKE JAPAN Co.Ltd.,-2.3075951717649392
ARISTA NETWORKS INC.,0.16918702611404945
ARISTOCRAT LEISURE LIMITED,0.8015569489767707
ARKEMA SA,-0.25239292246109757
ARNOLDO MONDADORI EDITORE SPA,-0.5158803903205644
Aroundtown SA,-0.041602948173523814
ARROW ELECTRONICS INC.,-0.4631828967486708
ARTHUR J. GALLAGHER & CO.,-1.3063427938989651
ARYZTA AG,-0.09430044174541748
Asahi Group Holdings Ltd.,0.8015569489767707
ASAHI INTECC CO. LTD.,-0.19969542888920389
ASAHI KASEI CORPORATION,1.5920193525551714
Ascom Holding AG,-0.5158803903205644
ASHTEAD GROUP PUBLIC LIMITED COMPANY,0.43267449397351637
ASICS Corporation,0.906951936120557
ASM International N.V.,0.5380694811173032
ASML Holding N.V.,1.6974143396989578
ASMPT Limited,0.48537198754541006
ASPEN TECHNOLOGY INC.,0.32727950682972995
ASR Nederland N.V.,0.8015569489767707
ASSA ABLOY AB,0.5907669746891969
ASSICURAZIONI GENERALI SOCIETA PER AZIONI,1.6974143396989578
ASSOCIATED BANC-CORP,-0.5685778838924577
ASSOCIATED BRITISH FOODS PLC,0.5907669746891969
ASSURANT INC.,0.11648953254215624
Astellas Pharma Inc.,0.8542544425486638
ASTRAZENECA PLC,0.2745820132578363
ASUSTEK COMPUTER INCORPORATION,-0.5685778838924577
ASX LIMITED,1.0650444168362376
ATCO LTD.,-0.9901578324676047
ATHABASCA OIL CORPORATION,0.06379203897026305
ATI Inc.,-0.25239292246109757
ATLANTA BRAVES HOLDINGS INC.,-0.8847628453238182
Atlas Copco Aktiebolag,0.32727950682972995
ATLASSIAN CORPORATION,0.8015569489767707
ATMOS ENERGY CORPORATION,-0.4104854031767776
Atmus Filtration Technologies Inc,-1.6752252489022188
ATOS SE,1.4339268718394909
Atresmedia Corporacion de Medios de Comunicacion S.A.,-0.6212753774643514
AT&T INC.,-0.9374603388957115
AUCKLAND INTERNATIONAL AIRPORT LIMITED,0.2745820132578363
AUO Corporation,0.06379203897026305
AURIZON HOLDINGS LIMITED,0.906951936120557
AUTOBACS SEVEN CO.LTD.,-1.0428553260394984
PEDIATRIX MEDICAL GROUP INC.,0.16918702611404945
PELOTON INTERACTIVE INC.,-2.571082639624406
PEMBINA PIPELINE CORPORATION,0.43267449397351637
PENNON GROUP PLC,0.2745820132578363
PENTAIR PUBLIC LIMITED COMPANY,1.6974143396989578
Pepsico Inc.,0.2218845196859431
PeptiDream Inc.,-1.6752252489022188
PERMANENT TSB GROUP HOLDINGS PUBLIC LIMITED COMPANY,-0.8320653517519245
PERNOD RICARD SA,0.906951936120557
PERPETUAL LIMITED,1.1177419104081308
PERRIGO COMPANY PUBLIC LIMITED COMPANY,-0.4631828967486708
PERSIMMON PUBLIC LIMITED COMPANY,-0.14699793531731067
PERSOL HOLDINGS CO.LTD.,0.906951936120557
PETROFAC LIMITED,0.8542544425486638
PEYTO EXPLORATION & DEVELOPMENT CORP.,-0.7266703646081377
PFIZER INC.,0.011094545398369382
PG&E CORPORATION,-1.3063427938989651
Philip Morris International Inc.,-0.8320653517519245
PHILLIPS 66,0.5907669746891969
PHINIA INC.,-1.6752252489022188
PHOENIX GROUP HOLDINGS PLC,0.64346446826109
PIGEON CORPORATION,-0.6212753774643514
PILBARA MINERALS LIMITED,0.64346446826109
PINNACLE WEST CAPITAL CORPORATION,0.43267449397351637
PINTEREST INC.,-2.676477626768193
PIONEER NATURAL RESOURCES COMPANY,0.5380694811173032
PIRELLI & C. S.P.A.,0.5907669746891969
PITNEY BOWES INC.,0.011094545398369382
PLAINS GP HOLDINGS L.P,-1.833317729617899
PLUG POWER INC.,0.2745820132578363
Pola Orbis Holdings Inc,-1.569830261758432
POLARIS INC.,-0.7793678581800314
PolyPeptide Group AG,-2.096805197477366
POOL CORPORATION,0.5380694811173032
POONGSAN CORPORATION,-2.4656876524806197
POSCO Holdings Inc.,-0.6212753774643514
POSTE ITALIANE - SOCIETA PER AZIONI,0.64346446826109
PostNL N.V.,1.1177419104081308
Power Assets Holdings Limited,-0.30509041603299075
POWER CORPORATION OF CANADA,-0.09430044174541748
POWER FINANCIAL CORP,-1.9914102103335791
POWERTECH TECHNOLOGY INC.,-2.412990158908726
PPG INDUSTRIES INC.,0.8542544425486638
PPL CORPORATION,-0.8847628453238182
PRAIRIESKY ROYALTY LTD.,1.3812293782675977
PRINCIPAL FINANCIAL GROUP INC.,0.06379203897026305
PRIO S.A.,-1.6225277553303254
Pro Medicus Ltd,-0.7266703646081377
ProSiebenSat.1 Media SE,0.43267449397351637
Prosus N.V.,0.5380694811173032
PROXIMUS NV,-0.8847628453238182
PRUDENTIAL FINANCIAL INC.,0.8015569489767707
PRUDENTIAL PUBLIC LIMITED COMPANY,0.5380694811173032
PRYSMIAN S.P.A.,-0.14699793531731067
PSP Swiss Property AG,1.2758343911238104
PT Astra International Tbk,-1.148250313183285
PTC INC.,0.8015569489767707
PUBLICIS GROUPE SA,0.5380694811173032
PUBLIC POWER CORPORATION S.A.,-1.148250313183285
PUBLIC SERVICE ENTERPRISE GROUP INCORPORATED,1.2231368975519172
PULTEGROUP INC.,-0.14699793531731067
PUMA SE,1.6974143396989578
PURE STORAGE INC.,-0.6739728710362445
PVH CORP.,0.8015569489767707
QANTAS AIRWAYS LIMITED,0.16918702611404945
QBE INSURANCE GROUP LIMITED,1.6974143396989578
QORVO INC.,0.06379203897026305
QUADIENT S.A.,0.8542544425486638
QUALCOMM INCORPORATED,0.06379203897026305
QUANEX BUILDING PRODUCTS CORPORATION,-0.5158803903205644
QUANTA SERVICES INC.,0.8542544425486638
QUBE HOLDINGS LIMITED,0.3799770004016232
QUEBECOR INC.,-1.4644352746146454
QUEST DIAGNOSTICS INCORPORATED,1.0650444168362376
QURATE RETAIL INC.,-1.7279227424741121
Raiffeisen Bank International AG,0.16918702611404945
Rakuten Group Inc.,0.906951936120557
RALPH LAUREN CORPORATION,-0.9374603388957115
RAMSAY HEALTH CARE LIMITED,0.8015569489767707
Randstad N.V.,0.2745820132578363
RANGE RESOURCES CORPORATION,0.8015569489767707
RATIONAL Aktiengesellschaft,-0.5158803903205644
Ratos AB,-1.6752252489022188
RAYMOND JAMES FINANCIAL INC.,-0.3577879096048844
RB Global Inc,0.9596494296924503
REACH PLC,1.0123469232643434
REA GROUP LTD,0.8015569489767707
RECKITT BENCKISER GROUP PLC,0.43267449397351637
RECORDATI INDUSTRIA CHIMICA E FARMACEUTICA S.P.A.,-0.4631828967486708
Recruit Holdings Co.Ltd.,0.8015569489767707
REC SILICON ASA,-1.0955528196113915
RECTICEL NV,0.5380694811173032
REDEIA CORPORACION S.A.,1.6974143396989578
REDROW PLC,0.906951936120557
REECE LIMITED,-0.25239292246109757
REGENERON PHARMACEUTICALS INC.,0.011094545398369382
REGIONS FINANCIAL CORPORATION,0.5907669746891969
Reinet Investments S.C.A.,-1.3590402874708585
RELIANCE STEEL & ALUMINUM CO.,-0.6212753774643514
RELX PLC,1.6974143396989578
REMY COINTREAU SA,0.64346446826109
RENAISSANCERE HOLDINGS LTD.,-1.4644352746146454
RENAULT SA,-0.7793678581800314
Renesas Electronics Corporation,0.6961619618329833
RENTOKIL INITIAL PLC,0.7488594554048765
REPLIGEN CORPORATION,0.7488594554048765
Repsol S.A.,0.16918702611404945
REPUBLIC SERVICES INC.,-0.5158803903205644
RESIDEO TECHNOLOGIES INC.,1.6974143396989578
RESMED INC.,-0.30509041603299075
Resonac Holdings Corporation,0.011094545398369382
Resona Holdings Inc.,-0.30509041603299075
Restaurant Brands International Inc.,-0.5685778838924577
REVVITY INC.,-0.30509041603299075
REXEL SA,1.6974143396989578
Rheinmetall Aktiengesellschaft,0.3799770004016232
RICOH COMPANYLTD.,0.48537198754541006
Rieter Holding AG,-0.3577879096048844
RIGHTMOVE PLC,0.3799770004016232
RINGCENTRAL INC.,0.6961619618329833
RINNAI CORPORATION,-0.8320653517519245
RIO TINTO LIMITED,0.11648953254215624
RIO TINTO PLC,0.11648953254215624
RIVIAN AUTOMOTIVE INC.,0.43267449397351637
ROBERT HALF INC.,0.2745820132578363
ROBINHOOD MARKETS INC.,0.16918702611404945
ROBLOX CORPORATION,-2.149502691049259
Roche Holding AG,-0.3577879096048844
ROCKWELL AUTOMATION INC.,0.2745820132578363
ROCKWOOL A/S,0.2745820132578363
ROGERS COMMUNICATIONS INC,-0.4104854031767776
ROHM COMPANY LIMITED,0.5380694811173032
ROHTO PHARMACEUTICAL CO.LTD.,-1.4644352746146454
ROKU INC.,-1.569830261758432
ROLLINS INC.,-1.2536453003270716
ROLLS-ROYCE HOLDINGS PLC,0.16918702611404945
ROPER TECHNOLOGIES INC.,-0.5685778838924577
ROSS STORES INC.,-1.2009478067551784
ROYAL BANK OF CANADA,0.8015569489767707
ROYAL CARIBBEAN CRUISES LTD.,-1.8860152231897922
ROYALTY PHARMA PLC,-0.5685778838924577
RPM INTERNATIONAL INC.,-0.5685778838924577
RS GROUP PLC,0.7488594554048765
RTX CORPORATION,-0.041602948173523814
RUBIS SCA,0.906951936120557
RWE Aktiengesellschaft,-0.3577879096048844
RWS HOLDINGS PLC,-0.5158803903205644
RXO INC.,0.906951936120557
RYANAIR HOLDINGS PUBLIC LIMITED COMPANY,0.06379203897026305
RYMAN HEALTHCARE LIMITED,0.906951936120557
RYOHIN KEIKAKU CO. LTD.,-0.8847628453238182
Sacyr S.A.,-0.4104854031767776
SAFRAN SA,-0.14699793531731067
SAIPEM S.P.A.,-0.041602948173523814
Shizuoka Financial Group Inc.,-1.0428553260394984
SALESFORCE INC.,0.8015569489767707
SALMAR ASA,-0.7793678581800314
Salzgitter Aktiengesellschaft,0.5380694811173032
Sampo Oyj,1.3285318846957044
Samsara Inc,-0.30509041603299075
SAMSONITE INTERNATIONAL S.A.,-0.19969542888920389
Samsung Electronics Co. Ltd.,0.8015569489767707
Samsung Engineering Co. Ltd.,-0.30509041603299075
SAMSUNG SECURITIES CO.LTD,0.2745820132578363
Sandoz Group AG,-0.5685778838924577
SANDRIDGE ENERGY INC.,-3.4142425367747005
SANDS CHINA LTD.,0.11648953254215624
Sandvik Aktiebolag,0.48537198754541006
SANKYO CO. LTD.,-1.9387127167616858
SANOFI SA,-0.3577879096048844
Sanoma Oyj,0.7488594554048765
Sanrio CompanyLtd.,-0.09430044174541748
SANTEN PHARMACEUTICAL CO. LTD.,-0.09430044174541748
SANTOS LIMITED,0.5380694811173032
Sanwa Holdings Corporation,-0.041602948173523814
SAPPORO HOLDINGS LIMITED,0.11648953254215624
SAP SE,1.6974143396989578
SAPUTO INC.,0.16918702611404945
SARTORIUS STEDIM BIOTECH S.A.,-1.2536453003270716
SASOL LIMITED,-0.5685778838924577
SBI Holdings Inc.,-1.411737781042752
SBM Offshore N.V.,0.906951936120557
SCHIBSTED ASA,0.5380694811173032
Schindler Holding AG,-1.2009478067551784
Schlumberger N.V.,0.5380694811173032
SCHNEIDER ELECTRIC SE,1.6974143396989578
SCHRODERS PLC,1.1177419104081308
Schweiter Technologies AG,-1.2009478067551784
Schweizerische Nationalbank,0.5858662780526123
SCIENCE APPLICATIONS INTERNATIONAL CORPORATION,-1.6225277553303254
SCOR SE,0.32727950682972995
Scout24 SE,-0.3577879096048844
SCREEN Holdings Co.Ltd.,-1.7806202360460057
SCSK Corporation,0.43267449397351637
SEAGATE TECHNOLOGY HOLDINGS PUBLIC LIMITED COMPANY,0.64346446826109
SEALED AIR CORPORATION,-0.3577879096048844
SEB SA,-0.8320653517519245
SECOM CO. LTD.,0.7488594554048765
Securitas AB,-0.9374603388957115
SEEK LIMITED,0.3799770004016232
SEGA SAMMY HOLDINGS INC.,1.3812293782675977
SEI INVESTMENTS COMPANY,-2.254897678193046
SEIKO EPSON CORPORATION,0.8542544425486638
Sekisui Chemical Co. Ltd.,0.906951936120557
Sekisui House Ltd.,1.486624365411384
SEMBCORP INDUSTRIES LTD,0.2218845196859431
SEMPRA,-0.5158803903205644
SENSATA TECHNOLOGIES HOLDING PLC,-0.14699793531731067
Sensirion Holding AG,-0.19969542888920389
SERCO GROUP PLC,-0.6212753774643514
SERVICENOW INC.,0.5907669746891969
Seven Bank Ltd.,-1.6752252489022188
SEVEN GROUP HOLDINGS LIMITED,0.2745820132578363
Seven & i Holdings Co. Ltd.,0.11648953254215624
SEVERN TRENT PLC,0.06379203897026305
SFS Group AG,0.48537198754541006
SG HOLDINGS CO.LTD.,1.6974143396989578
SGL Carbon SE,0.6961619618329833
SGS SA,1.0650444168362376
SHANGRI-LA ASIA LIMITED,0.06379203897026305
Sharp Corporation,0.8015569489767707
SHELL PLC,0.43267449397351637
Shikoku Electric Power Company Incorporated,-1.3590402874708585
Shimadzu Corporation,0.906951936120557
SHIMAMURA CO. Ltd.,-0.6212753774643514
SHIMANO INC.,-1.7279227424741121
SHIMIZU CORPORATION,0.2745820132578363
Shin-Etsu Chemical Co. Ltd.,-0.25239292246109757
SHINHAN FINANCIAL GROUP CO.LTD,0.6961619618329833
SHINKO ELECTRIC INDUSTRIES CO. LTD.,-2.254897678193046
Shionogi & Co. Ltd.,0.64346446826109
Shiseido Company Limited,0.5380694811173032
SHOPIFY INC.,0.8015569489767707
Siegfried Holding AG,0.2218845196859431
Siemens Aktiengesellschaft,0.7488594554048765
Siemens Healthineers AG,-0.7266703646081377
SIG Group AG,1.6974143396989578
SIGNATURE BANK,-3.466940030346594
SIGNET JEWELERS LIMITED,0.16918702611404945
Signify N.V.,0.906951936120557
Sika AG,0.64346446826109
SIME DARBY BERHAD,0.48537198754541006
SIMS LIMITED,1.6974143396989578
Sinch AB (publ),0.6961619618329833
SINGAPORE AIRLINES LIMITED,0.011094545398369382
SINGAPORE EXCHANGE LIMITED,0.43267449397351637
SINGAPORE TECHNOLOGIES ENGINEERING LTD,-0.041602948173523814
SINGAPORE TELECOMMUNICATIONS LIMITED,0.32727950682972995
Sino Land Company Limited,0.8542544425486638
SITC International Holdings Co Ltd,-2.202200184621153
SJM Holdings Limited,-1.569830261758432
Skandinaviska Enskilda Banken AB,0.43267449397351637
SKAN Group AG,-0.4631828967486708
Skanska AB,-0.6212753774643514
SKYCITY ENTERTAINMENT GROUP LIMITED,-0.09430044174541748
SKY LIMITED,-1.0955528196113915
SKYWORKS SOLUTIONS INC.,-0.4631828967486708
SLM CORPORATION,-0.041602948173523814
SMC CORPORATION,-1.0428553260394984
SMITH & NEPHEW PLC,0.5907669746891969
SMITHS GROUP PLC,0.7488594554048765
SNAM S.P.A.,0.8542544425486638
SNAP INC.,-1.6752252489022188
SNAP-ON INCORPORATED,-0.6739728710362445
SNOWFLAKE INC.,-0.6739728710362445
SOCIETE BIC S.A.,1.6974143396989578
SOCIETE GENERALE SA,0.5907669746891969
SODEXO SA,0.11648953254215624
SOFINA SA,-0.6212753774643514
SoftBank Corp.,1.4339268718394909
SoftBank Group Corp.,0.43267449397351637
SoftwareONE Holding AG,-0.30509041603299075
SOHGO SECURITY SERVICES CO.LTD.,0.011094545398369382
Sojitz Corporation,0.8015569489767707
SOLAREDGE TECHNOLOGIES INC.,-0.14699793531731067
SOLVAY SA,0.16918702611404945
Sompo Holdings Inc.,1.5393218589832773
Sonae SGPS SA,0.11648953254215624
SONIC HEALTHCARE LIMITED,0.906951936120557
Sonova Holding AG,1.6974143396989578
Sony Group Corporation,1.6974143396989578
SOUTH32 LIMITED,0.11648953254215624
SOUTHWEST AIRLINES CO.,-1.9387127167616858
SOUTHWESTERN ENERGY COMPANY,0.8015569489767707
SPARK NEW ZEALAND LIMITED,0.8015569489767707
SPECTRIS PLC,0.32727950682972995
SPECTRUM BRANDS HOLDINGS INC.,-0.041602948173523814
S&P GLOBAL INC.,0.2745820132578363
SPIRAX-SARCO ENGINEERING PLC,0.8542544425486638
SPIRENT COMMUNICATIONS PLC,0.8542544425486638
SQUARE ENIX HOLDINGS CO.LTD.,-0.30509041603299075
SSAB AB,0.8015569489767707
SS&C TECHNOLOGIES HOLDINGS INC.,-2.412990158908726
SSE PLC,1.6974143396989578
Stadler Rail AG,-2.0441077039054725
STANDARD BANK GROUP LIMITED,0.6961619618329833
STANDARD CHARTERED PLC,0.6961619618329833
STANLEY BLACK & DECKER INC.,-0.6739728710362445
Stanley Electric Co. Ltd.,0.43267449397351637
Stantec Inc.,0.6961619618329833
STARBUCKS CORPORATION,-0.041602948173523814
StarHub Ltd,0.8542544425486638
STATE STREET CORPORATION,0.2218845196859431
STEADFAST GROUP LTD,-0.30509041603299075
STEEL DYNAMICS INC.,0.64346446826109
Stellantis N.V.,-1.411737781042752
STERICYCLE INC.,-1.8860152231897922
STERIS PUBLIC LIMITED COMPANY,0.906951936120557
St.Galler Kantonalbank AG,-0.4104854031767776
ST. JAMES'S PLACE PLC,1.1177419104081308
STMicroelectronics N.V.,1.3812293782675977
Stora Enso Oyj,1.6974143396989578
STRABAG SE,-0.5685778838924577
Straumann Holding AG,0.2218845196859431
STRYKER CORPORATION,-0.7266703646081377
SUBARU CORPORATION,-0.6212753774643514
Subsea 7 S.A.,0.7488594554048765
Suedzucker AG,0.8542544425486638
Sulzer AG,0.8542544425486638
SUMCO CORPORATION,-0.09430044174541748
SUMITOMO CHEMICAL COMPANY LIMITED,1.6974143396989578
SUMITOMO CORPORATION,-0.4631828967486708
Sumitomo Electric Industries Ltd.,-1.0428553260394984
Sumitomo Forestry Co.Ltd.,-0.041602948173523814
SUMITOMO HEAVY INDUSTRIES LTD.,-0.14699793531731067
Sumitomo Metal Mining Co. Ltd.,0.906951936120557
Sumitomo Mitsui Financial Group Inc.,0.32727950682972995
Sumitomo Mitsui Trust Holdings Inc.,0.43267449397351637
Sumitomo Pharma Co. Ltd.,0.011094545398369382
Sumitomo Realty & Development Co. Ltd.,-0.041602948173523814
Sumitomo Rubber Industries Ltd.,-0.041602948173523814
Suncor Energy Inc.,-0.041602948173523814
SUNCORP GROUP LIMITED,1.3285318846957044
SUN HUNG KAI PROPERTIES LIMITED,-0.4104854031767776
SUN LIFE FINANCIAL INC,1.1177419104081308
SUNPOWER CORPORATION,-0.30509041603299075
SUNRUN INC.,0.16918702611404945
Suntory Beverage & Food Limited,-0.041602948173523814
SUPER MICRO COMPUTER INC.,-2.202200184621153
Suruga Bank Ltd.,-1.569830261758432
SUZUKEN CO.LTD.,0.011094545398369382
SUZUKI MOTOR CORPORATION,-1.7806202360460057
Svenska Cellulosa Aktiebolaget SCA,1.6974143396989578
Svenska Handelsbanken AB,1.0650444168362376
Swedbank AB,0.43267449397351637
Swedish Orphan Biovitrum AB (publ),-0.3577879096048844
SWIRE PACIFIC LIMITED,1.0123469232643434
SWIRE PROPERTIES LIMITED,0.32727950682972995
Swisscom AG,0.48537198754541006
Swiss Life Holding AG,0.48537198754541006
Swiss Prime Site AG,0.48537198754541006
Swissquote Group Holding SA,0.64346446826109
Swiss Re AG,1.6974143396989578
SYDBANK A/S,-0.041602948173523814
SYENSQO SA,0.16918702611404945
SYLVAMO CORPORATION,-0.9374603388957115
Symrise AG,0.5907669746891969
SYNCHRONY FINANCIAL,0.906951936120557
SYNOPSYS INC.,0.6961619618329833
SYNOVUS FINANCIAL CORP.,-0.4104854031767776
SYSCO CORPORATION.,0.11648953254215624
SYSMEX CORPORATION,1.6974143396989578
TABCORP HOLDINGS LIMITED,0.906951936120557
TAIHEIYO CEMENT CORPORATION,-0.14699793531731067
TAISEI CORPORATION,0.06379203897026305
Taiwan Cement Corp.,-0.14699793531731067
Taiwan Semiconductor Manufacturing Co. Ltd.,1.6974143396989578
THE BERKELEY GROUP HOLDINGS PLC,1.486624365411384
TAIYO YUDEN CO. LTD.,0.16918702611404945
Takashimaya Company Limited,-0.9901578324676047
Takeda Pharmaceutical Company Limited,0.48537198754541006
TAKE-TWO INTERACTIVE SOFTWARE INC.,-0.30509041603299075
Talanx Aktiengesellschaft,0.16918702611404945
TAPESTRY INC.,0.16918702611404945
TARGA RESOURCES CORP.,0.906951936120557
TARGET CORPORATION,0.8015569489767707
TATE & LYLE PUBLIC LIMITED COMPANY,1.6974143396989578
TAYLOR WIMPEY PLC,1.2231368975519172
TBS HOLDINGSINC.,-1.2536453003270716
TC Energy Corporation,0.5907669746891969
T&D Holdings Inc.,0.48537198754541006
TDK CORPORATION,0.43267449397351637
TeamViewer SE,1.6974143396989578
Tecan Group AG,0.906951936120557
TECHNIPFMC PLC,0.7488594554048765
TECHTRONIC INDUSTRIES COMPANY LIMITED,-1.8860152231897922
TE Connectivity Ltd.,0.16918702611404945
TEGNA INC.,0.7488594554048765
TEIJIN LIMITED,1.6974143396989578
TELADOC HEALTH INC.,0.5907669746891969
Tele2 AB,1.6974143396989578
TELECOM ITALIA SPA,-0.25239292246109757
TELEDYNE TECHNOLOGIES INCORPORATED,-0.30509041603299075
TELEFLEX INCORPORATED,0.5907669746891969
Telefonaktiebolaget LM Ericsson,0.011094545398369382
Telefonica S.A.,-0.5158803903205644
Telekom Austria Aktiengesellschaft,-0.4104854031767776
TELENOR ASA,1.5920193525551714
TELEPERFORMANCE SE,-0.25239292246109757
TELEPHONE AND DATA SYSTEMS INC.,-0.25239292246109757
TELEVISION FRANCAISE 1 S.A.,0.8542544425486638
Telia Company AB,1.6974143396989578
TELSTRA GROUP LIMITED,0.8542544425486638
TELUS Corporation,0.2218845196859431
TEMENOS AG,1.6974143396989578
TENARIS S.A.,-1.9387127167616858
TERADATA CORPORATION,0.8015569489767707
TERADYNE INC.,0.06379203897026305
TEREX CORPORATION,0.5907669746891969
TERNA - RETE ELETTRICA NAZIONALE SOCIETA PER AZIONI,1.0123469232643434
TERUMO CORPORATION,0.32727950682972995
TESCO PLC,0.906951936120557
TESSENDERLO GROUP NV,-1.8860152231897922
TEVA PHARMACEUTICAL INDUSTRIES LIMITED,-1.411737781042752
TEXAS INSTRUMENTS INCORPORATED,1.6974143396989578
Texas Pacific Land Corp,-1.3590402874708585
TEXTRON INC.,-0.25239292246109757
TFI International Inc.,-1.411737781042752
TFS FINANCIAL CORPORATION,-2.571082639624406
THALES SA,-0.3577879096048844
The 77 Bank Ltd.,-2.0441077039054725
THE AES CORPORATION,0.906951936120557
THE ALLSTATE CORPORATION,-1.0955528196113915
The Bank of East Asia Limited,-0.6739728710362445
The Bank of New York Mellon Corporation,0.6961619618329833
THE BANK OF NOVA SCOTIA,1.6974143396989578
THE BOEING COMPANY,-1.2009478067551784
THE BOSTON BEER COMPANY INC.,-2.096805197477366
THE CARLYLE GROUP INC.,-0.7793678581800314
THE CHARLES SCHWAB CORPORATION,-0.7266703646081377
The Chiba Bank Ltd.,-1.3063427938989651
The Chugoku Electric Power Company Incorporated,-1.2536453003270716
THE CIGNA GROUP,0.906951936120557
THE CLOROX COMPANY,1.6974143396989578
THE COCA-COLA COMPANY,1.0123469232643434
THE COOPER COMPANIES INC.,0.906951936120557
The Descartes Systems Group Inc.,0.6961619618329833
THE ESTEE LAUDER COMPANIES INC.,-0.19969542888920389
THE GAP INC.,0.64346446826109
THE GOLDMAN SACHS GROUP INC.,-0.09430044174541748
THE GOODYEAR TIRE & RUBBER COMPANY,-1.0428553260394984
The Gunma Bank Ltd.,-1.569830261758432
The Hachijuni Bank Ltd.,-2.3075951717649392
THE HARTFORD FINANCIAL SERVICES GROUP INC.,0.06379203897026305
THE HERSHEY COMPANY,0.011094545398369382
THE HOME DEPOT INC.,0.906951936120557
THE HONG KONG AND CHINA GAS COMPANY LIMITED,-0.19969542888920389
THE INTERPUBLIC GROUP OF COMPANIES INC.,0.43267449397351637
THE JAPAN STEEL WORKSLTD.,-1.5171327681865387
THE J. M. SMUCKER COMPANY,-0.25239292246109757
The Kansai Electric Power Company Incorporated,-1.3590402874708585
THE KRAFT HEINZ COMPANY,0.8542544425486638
THE KROGER CO.,0.7488594554048765
THE LOTTERY CORPORATION LIMITED,0.5907669746891969
THE MIDDLEBY CORPORATION,-1.5171327681865387
THE MOSAIC COMPANY,-0.25239292246109757
THE PNC FINANCIAL SERVICES GROUP INC.,0.43267449397351637
THE PROCTER & GAMBLE COMPANY,-0.041602948173523814
THE PROGRESSIVE CORPORATION,-0.041602948173523814
THE RANK GROUP PLC,0.9438401816208826
THERMO FISHER SCIENTIFIC INC.,-0.7266703646081377
THE SAGE GROUP PLC.,1.6974143396989578
THE SHERWIN-WILLIAMS COMPANY,-0.25239292246109757
THE SOUTHERN COMPANY,-0.5158803903205644
THE STAR ENTERTAINMENT GROUP LIMITED,-0.8847628453238182
The Swatch Group AG,-1.9914102103335791
THE TATA POWER COMPANY LIMITED,-0.5685778838924577
THE TJX COMPANIES INC.,-0.4104854031767776
THE TORO COMPANY,0.43267449397351637
THE TRADE DESK INC.,-2.3075951717649392
The Travelers Companies Inc.,0.11648953254215624
THE WALT DISNEY COMPANY,0.16918702611404945
THE WESTERN UNION COMPANY,-0.25239292246109757
THE WILLIAMS COMPANIES INC.,0.011094545398369382
The Yokohama Rubber Company Limited,-0.6739728710362445
THK CO.LTD.,-0.5158803903205644
THOMSON REUTERS CORPORATION,0.011094545398369382
Thungela Resources Ltd,-0.6739728710362445
Thurgauer Kantonalbank,-0.30509041603299075
thyssenkrupp AG,0.43267449397351637
Tietoevry Oyj,0.06379203897026305
TIS Inc.,0.5380694811173032
T-MOBILE US INC.,-1.9914102103335791
TMX Group Limited,0.64346446826109
TOAST INC.,-1.148250313183285
TOBU RAILWAY CO. LTD.,0.7488594554048765
TOHO CO. LTD.,-1.833317729617899
TOHO GAS CO. LTD.,-0.19969542888920389
Tohoku Electric Power Company Incorporated,-1.2536453003270716
Tokio Marine Holdings Inc.,0.8015569489767707
Tokuyama Corporation,-1.5171327681865387
Tokyo Century Corporation,0.8015569489767707
Tokyo Electric Power Company Holdings Incorporated,-3.2561500560590204
Tokyo Electron Limited,0.8542544425486638
TOKYO GAS CO.LTD.,0.906951936120557
TOKYO STEEL MANUFACTURING CO. LTD.,-1.0428553260394984
Tokyo Tatemono Co. Ltd.,0.06379203897026305
TOKYU CORPORATION,0.906951936120557
CRH PUBLIC LIMITED COMPANY,1.6974143396989578
CRODA INTERNATIONAL PUBLIC LIMITED COMPANY,1.486624365411384
CROWDSTRIKE HOLDINGS INC.,-1.0428553260394984
CROWN HOLDINGS INC.,-0.3577879096048844
CSL LIMITED,0.7488594554048765
CSPC PHARMACEUTICAL GROUP LIMITED,-0.4631828967486708
CSX Corporation,-0.14699793531731067
CTBC Financial Holding Co. Ltd.,0.8015569489767707
CTS EVENTIM AG & Co. KGaA,-1.2536453003270716
CUMMINS INC.,1.0650444168362376
CURRYS PLC,-1.0428553260394984
CVS HEALTH CORPORATION,-0.6739728710362445
CyberAgentInc.,-0.041602948173523814
CYBERARK SOFTWARE LTD.,0.43267449397351637
Daetwyler Holding AG,-0.3577879096048844
Daicel Corporation,0.16918702611404945
Daido Steel Co. Ltd.,-0.5685778838924577
DAIFUKU CO.LTD.,0.906951936120557
Dai-ichi Life Holdings Inc.,-0.9901578324676047
Intershop Holding AG,-1.2009478067551784
DAIICHI SANKYO COMPANY LIMITED,0.64346446826109
DAIKIN INDUSTRIESLTD.,0.6961619618329833
Daimler Truck Holding AG,-0.30509041603299075
Dai Nippon Printing Co. Ltd.,0.5380694811173032
DAITO TRUST CONSTRUCTION CO.LTD.,-0.041602948173523814
DAIWA HOUSE INDUSTRY CO.LTD.,0.43267449397351637
Daiwa Securities Group Inc.,1.6974143396989578
DANAHER CORPORATION,0.7488594554048765
DANONE SA,1.4339268718394909
DANSKE BANK A/S,-0.9374603388957115
DARDEN RESTAURANTS INC.,-0.8320653517519245
DARLING INGREDIENTS INC.,0.8542544425486638
DASSAULT AVIATION SA,-2.149502691049259
DASSAULT SYSTEMES SE,1.6974143396989578
DATADOG INC.,-0.4104854031767776
Davide Campari-Milano N.V.,0.11648953254215624
DAVITA INC.,0.906951936120557
DB INSURANCE CO.LTD,-0.25239292246109757
DBS GROUP HOLDINGS LTD,0.06379203897026305
DCC PUBLIC LIMITED COMPANY,1.6974143396989578
DECHRA PHARMACEUTICALS PLC,1.6974143396989578
DECKERS OUTDOOR CORPORATION,1.6974143396989578
DEERE & COMPANY,0.32727950682972995
DELEK GROUP LTD.,-1.6752252489022188
Delivery Hero SE,-0.30509041603299075
DELL TECHNOLOGIES INC.,0.16918702611404945
DELTA AIR LINES INC.,0.5907669746891969
Demant A/S,0.906951936120557
DeNA Co. Ltd.,-0.8847628453238182
Denka Company Limited,0.5380694811173032
DENSO CORPORATION,-1.2536453003270716
DENTSPLY SIRONA INC.,-0.041602948173523814
DENTSU GROUP INC.,-0.6212753774643514
DETERRA ROYALTIES LIMITED,0.32727950682972995
Deutsche Bank Aktiengesellschaft,0.16918702611404945
Deutsche Boerse Aktiengesellschaft,1.0650444168362376
Deutsche EuroShop AG,-1.0955528196113915
Deutsche Lufthansa Aktiengesellschaft,0.5907669746891969
Deutsche Post AG,-0.5158803903205644
Deutsche Telekom AG,-0.7793678581800314
Deutsche Wohnen SE,0.32727950682972995
DEVON ENERGY CORPORATION,-0.4104854031767776
DEXCOM INC.,-0.19969542888920389
DIAGEO PLC,1.6974143396989578
DIAMONDBACK ENERGY INC.,-0.041602948173523814
DIASORIN S.P.A.,-1.2536453003270716
DIC Corporation,-0.14699793531731067
DICK'S SPORTING GOODS INC.,-0.14699793531731067
D'Ieteren Group NV,0.64346446826109
DIGITALBRIDGE GROUP INC.,-1.3590402874708585
DIRECT LINE INSURANCE GROUP PLC,1.3285318846957044
DISCO CORPORATION,0.06379203897026305
DISCOVER FINANCIAL SERVICES,0.6961619618329833
DISH NETWORK CORPORATION,-3.09805757534334
Distribuidora Internacional de Alimentacion S.A.,-1.9914102103335791
DKSH Holding AG,-0.9901578324676047
DNB BANK ASA,1.3285318846957044
DocMorris AG,0.43267449397351637
DOCUSIGN INC.,0.43267449397351637
DOLBY LABORATORIES INC.,0.5907669746891969
DOLLARAMA INC.,-0.041602948173523814
DOLLAR GENERAL CORPORATION,-0.3577879096048844
DOLLAR TREE INC.,0.11648953254215624
Dominion Energy Inc.,0.3799770004016232
Domino's Pizza Enterprises Ltd,-0.5685778838924577
DOMINO'S PIZZA INC.,-0.5685778838924577
DOORDASH INC.,-1.0955528196113915
dormakaba Holding AG,0.906951936120557
DOVER CORPORATION,0.6961619618329833
DOW INC.,0.8542544425486638
DOWLAIS GROUP PLC,-0.041602948173523814
DRAFTKINGS INC.,-0.8847628453238182
DRAX GROUP PLC,-0.5158803903205644
D.R. HORTON INC.,-0.14699793531731067
DROPBOX INC.,0.16918702611404945
DSM B.V.,1.6974143396989578
DSM-Firmenich AG,1.6974143396989578
DS SMITH PLC,0.32727950682972995
DSV A/S,0.43267449397351637
DTE ENERGY COMPANY,0.64346446826109
DT MIDSTREAM INC.,0.32727950682972995
DUKE ENERGY CORPORATION,0.43267449397351637
DUPONT DE NEMOURS INC.,0.16918702611404945
DXC TECHNOLOGY COMPANY,0.64346446826109
DYNATRACE INC.,0.06379203897026305
East Japan Railway Company,0.06379203897026305
EASTMAN CHEMICAL COMPANY,-0.4631828967486708
EASYJET PLC,0.906951936120557
EATON CORPORATION PUBLIC LIMITED COMPANY,-0.14699793531731067
EBARA CORPORATION,1.2758343911238104
EBAY INC.,-0.30509041603299075
EBOS GROUP LIMITED,1.6974143396989578
Ebro Foods S.A,-0.6739728710362445
ECOLAB INC.,1.3812293782675977
EDENRED SE,0.43267449397351637
Edgewell Personal Care Company,-0.8847628453238182
EDISON INTERNATIONAL,0.16918702611404945
EDP - Energias de Portugal S.A.,1.6974143396989578
EDP Renovaveis S.A.,0.64346446826109
eDreams ODIGEO S.A.,1.6974143396989578
EDWARDS LIFESCIENCES CORPORATION,1.2758343911238104
EFG International AG,-0.9374603388957115
EIFFAGE SA,0.48537198754541006
Eisai Co. Ltd.,0.8542544425486638
ELANCO ANIMAL HEALTH INCORPORATED,-0.09430044174541748
ELBIT SYSTEMS LTD,0.3799770004016232
Electric Power Development Co. Ltd.,-1.2536453003270716
Electrolux Professional AB (publ),0.906951936120557
ELECTRONIC ARTS INC.,0.8542544425486638
Elekta AB (publ),-0.4631828967486708
Element Fleet Management Corp.,0.43267449397351637
ELEVANCE HEALTH INC.,0.906951936120557
ELIA GROUP SA,0.906951936120557
ELI LILLY AND COMPANY,0.11648953254215624
Elisa Oyj,1.6974143396989578
ELIS SA,-0.09430044174541748
EMBECTA CORP.,0.906951936120557
Embracer Group AB,-0.8847628453238182
EMCOR GROUP INC.,0.5907669746891969
EMERA INCORPORATED,0.2218845196859431
EMERSON ELECTRIC CO.,-0.5158803903205644
Emmi AG,-0.3577879096048844
EMPIRE COMPANY LIMITED,-0.8320653517519245
EMS-CHEMIE HOLDING AG,-1.9387127167616858
Enagas S.A.,0.2745820132578363
Enbridge Inc.,0.6961619618329833
ENDEAVOUR GROUP LIMITED,0.6961619618329833
ENDEAVOUR MINING PLC,0.48537198754541006
Endesa Sociedad Anonima,1.2231368975519172
ENEL - SPA,1.0123469232643434
ENEOS Holdings Inc.,0.5380694811173032
Energizer Holdings Inc.,-0.041602948173523814
ENGIE SA,0.64346446826109
ENI S.P.A.,-0.19969542888920389
ENPHASE ENERGY INC.,0.906951936120557
Ensign Energy Services Inc.,-2.149502691049259
Entain plc,0.9438401816208826
ENTEGRIS INC.,-0.4631828967486708
ENTERGY CORPORATION,-0.041602948173523814
ENVIRI CORPORATION,-1.9914102103335791
ENVISTA HOLDINGS CORPORATION,0.48537198754541006
EOG RESOURCES INC.,-0.3577879096048844
E.ON SE,0.3799770004016232
EPAM SYSTEMS INC.,-0.9374603388957115
Epiroc Aktiebolag,0.906951936120557
EQT AB,0.8015569489767707
EQT CORPORATION,0.8015569489767707
EQUIFAX INC.,-1.3063427938989651
EQUINOR ASA,1.6974143396989578
EQUITABLE HOLDINGS INC,-0.4104854031767776
ERAMET SA,0.011094545398369382
ERIE INDEMNITY COMPANY,-2.676477626768193
Erste Group Bank AG,0.43267449397351637
ESR Group Limited,-0.30509041603299075
Essential Utilities Inc.,0.3799770004016232
ESSILORLUXOTTICA SA,0.7488594554048765
Essity Aktiebolag (publ),1.2231368975519172
ETSY INC.,-0.5158803903205644
EURAZEO SE,0.906951936120557
EUROAPI SA,-0.5685778838924577
EUROBANK ERGASIAS SERVICES AND HOLDINGS S.A.,-0.041602948173523814
EUROFINS SCIENTIFIC SE,0.32727950682972995
EURONAV NV,-0.8847628453238182
Euronext N.V.,0.011094545398369382
EUTELSAT COMMUNICATIONS S.A.,-0.25239292246109757
Everest Group Ltd.,-0.8320653517519245
Evergy Inc.,0.16918702611404945
Eversource Energy,0.7488594554048765
Evolution AB (publ),0.6961619618329833
EVOLUTION MINING LIMITED,0.8015569489767707
Evonik Industries AG,0.5380694811173032
EVRAZ PLC,-1.6225277553303254
EXACT SCIENCES CORPORATION,0.16918702611404945
EXELON CORPORATION,0.43267449397351637
EXOR N.V.,-1.148250313183285
EXPEDIA GROUP INC.,-2.78187261391198
EXPEDITORS INTERNATIONAL OF WASHINGTON INC,1.6974143396989578
EXPERIAN PLC,-0.3577879096048844
EXXON MOBIL CORPORATION,-1.2009478067551784
F5 INC.,-0.14699793531731067
FACTSET RESEARCH SYSTEMS INC.,0.8015569489767707
FAES FARMA S.A.,-0.4631828967486708
FAIRFAX FINANCIAL HOLDINGS LIMITED,-1.833317729617899
FAIR ISAAC CORPORATION,0.32727950682972995
FANUC CORPORATION,1.6974143396989578
Far Eastern New Century Corporation,-1.148250313183285
FASTENAL COMPANY,-0.25239292246109757
Fastighets AB Balder,-1.9914102103335791
FAST RETAILING CO. LTD.,0.906951936120557
Federal National Mortgage Association,0.011094545398369382
FEDEX CORPORATION,-0.25239292246109757
Ferrari N.V.,-1.9387127167616858
Ferrovial SE,-0.041602948173523814
F&G ANNUITIES & LIFE INC.,-2.518385146052513
FIDELITY NATIONAL FINANCIAL INC.,-1.6225277553303254
FIDELITY NATIONAL INFORMATION SERVICES INC.,0.5380694811173032
FIFTH THIRD BANCORP,-0.041602948173523814
FIH MOBILE LIMITED,-2.3075951717649392
FINECOBANK BANCA FINECO S.P.A.,0.43267449397351637
FINNING INTERNATIONAL INC.,0.906951936120557
FIRST AMERICAN FINANCIAL CORPORATION,-0.25239292246109757
FIRST CITIZENS BANCSHARES INC.,-1.833317729617899
FIRSTENERGY CORP.,-0.5685778838924577
FIRSTGROUP PLC,0.906951936120557
FIRST HORIZON CORPORATION,-1.0428553260394984
FIRST PACIFIC COMPANY LIMITED,-1.3590402874708585
FIRST QUANTUM MINERALS LTD.,0.906951936120557
FIRST REPUBLIC BANK,-2.0441077039054725
FIRSTSERVICE CORPORATION,0.11648953254215624
FIRST SOLAR INC.,0.6961619618329833
FISERV INC.,-0.25239292246109757
FISHER & PAYKEL HEALTHCARE CORPORATION LIMITED,-0.7266703646081377
FLETCHER BUILDING LIMITED,0.906951936120557
FLEX LTD.,0.43267449397351637
FLOWSERVE CORPORATION,0.16918702611404945
Flow Traders Ltd,0.011094545398369382
FLSMIDTH & CO. A/S,0.7488594554048765
Flughafen Zuerich AG,0.16918702611404945
FLUOR CORPORATION.,-1.4644352746146454
FLUTTER ENTERTAINMENT PUBLIC LIMITED COMPANY,0.8015569489767707
FMC CORPORATION,0.06379203897026305
FNAC DARTY SA,0.64346446826109
Fomento de Construcciones y Contratas S.A.,-0.9374603388957115
FOOD & LIFE COMPANIES LTD.,-2.360292665336833
FOOT LOCKER INC.,0.8015569489767707
Forbo Holding AG,-0.5158803903205644
FORD MOTOR COMPANY,-1.9387127167616858
FORTESCUE LTD,0.2745820132578363
FORTINET INC.,-0.8320653517519245
Fortis Inc.,0.5380694811173032
FORTIVE CORPORATION,0.32727950682972995
FORTREA HOLDINGS INC.,0.48537198754541006
Fortum Oyj,-0.4104854031767776
FORTUNE BRANDS INNOVATIONS INC.,1.5393218589832773
FORVIA SE,0.11648953254215624
FOSSIL GROUP INC.,0.906951936120557
FOX CORPORATION,0.16918702611404945
Franco-Nevada Corporation,0.7488594554048765
FRANKLIN RESOURCES INC.,-0.5158803903205644
Fraport AG Frankfurt Airport Services Worldwide,0.7488594554048765
FRASERS GROUP PLC,-0.09430044174541748
Freddie Mac,-2.0441077039054725
FREEPORT-MCMORAN INC.,-0.5685778838924577
Fresenius Medical Care AG,-0.4631828967486708
Fresenius SE & Co. KGaA,-0.25239292246109757
FRESNILLO PLC,-1.7806202360460057
FTI CONSULTING INC.,0.5380694811173032
FUJI ELECTRIC CO. LTD.,0.6961619618329833
FUJIFILM Holdings Corporation,0.8015569489767707
FUJI MEDIA HOLDINGS INC.,-2.0441077039054725
Fujitsu Limited,1.6974143396989578
Fukuoka Financial Group Inc.,-0.9374603388957115
Furukawa Electric Co. Ltd.,-1.148250313183285
GALAPAGOS NV,-1.148250313183285
Galaxy Entertainment Group Limited,-0.09430044174541748
Galenica AG,1.6974143396989578
Galp Energia SGPS S.A.,1.6974143396989578
GAMESTOP CORP.,-0.9374603388957115
GAMUDA BERHAD,-0.6212753774643514
Garmin Ltd.,-1.2009478067551784
GARRETT MOTION INC.,-0.6739728710362445
GARTNER INC.,0.8015569489767707
GAZTRANSPORT ET TECHNIGAZ SA,-0.8847628453238182
GEA Group Aktiengesellschaft,1.3812293782675977
Geberit AG,0.48537198754541006
GE HEALTHCARE TECHNOLOGIES INC.,-0.041602948173523814
GEN DIGITAL INC.,0.8015569489767707
GENERAC HOLDINGS INC.,0.06379203897026305
GENERAL DYNAMICS CORPORATION,-0.041602948173523814
GENERAL ELECTRIC COMPANY,0.06379203897026305
GENERAL MILLS INC.,1.5393218589832773
GENERAL MOTORS COMPANY,-1.0955528196113915
GENMAB A/S,0.7488594554048765
GENTING SINGAPORE LIMITED,-0.6739728710362445
GENUINE PARTS COMPANY,-0.14699793531731067
GENWORTH FINANCIAL INC.,-1.9914102103335791
GEORGE WESTON LIMITEE.,0.43267449397351637
Georg Fischer AG,0.8542544425486638
Getinge AB,-1.411737781042752
GETLINK S.E.,0.5380694811173032
GFL ENVIRONMENTAL INC.,-2.202200184621153
GILDAN ACTIVEWEAR INC,0.64346446826109
GILEAD SCIENCES INC.,1.6974143396989578
Gimv NV,-1.5171327681865387
Givaudan SA,1.3812293782675977
GJENSIDIGE FORSIKRING ASA,1.6974143396989578
GLENCORE PLC,-0.7793678581800314
Global-E Online Ltd,-1.2536453003270716
GLOBAL PAYMENTS INC.,-1.148250313183285
GLOBE LIFE INC.,-1.7806202360460057
GMO Payment Gateway Inc.,-0.7266703646081377
GN STORE NORD A/S,0.5907669746891969
GODADDY INC.,-0.19969542888920389
GOLDEN AGRI-RESOURCES LTD,-1.3590402874708585
GRAB HOLDINGS LIMITED,0.906951936120557
GRACO INC,0.32727950682972995
GRAHAM HOLDINGS COMPANY,-2.4656876524806197
Graubuendner Kantonalbank,0.43267449397351637
GREAT-WEST LIFECO INC.,-0.4104854031767776
GREEInc.,-0.30509041603299075
GREEK ORGANISATION OF FOOTBALL PROGNOSTICS S.A.,0.906951936120557
GREENCORE GROUP PUBLIC LIMITED COMPANY,0.43267449397351637
Grifols S.A.,-1.148250313183285
GROEP BRUSSEL LAMBERT NV,-0.3577879096048844
Grupo Financiero Banorte S.A.B. de C.V.,0.32727950682972995
GSK PLC,0.3799770004016232
GS Yuasa Corporation,-0.7266703646081377
GUIDEWIRE SOFTWARE INC.,0.906951936120557
GUNZE LIMITED,-1.148250313183285
Gurit Holding AG,0.16918702611404945
GXO LOGISTICS INC.,0.7488594554048765
HAKUHODO DY HOLDINGS INCORPORATED,-0.6212753774643514
HALEON PLC,-0.8847628453238182
HALLIBURTON COMPANY,-0.3577879096048844
HALMA PUBLIC LIMITED COMPANY,0.32727950682972995
Halyk Bank of Kazakhstan Joint Stock Company,-1.4644352746146454
HAMAMATSU PHOTONICS K.K.,-0.6212753774643514
Hamburger Hafen und Logistik Aktiengesellschaft,-0.19969542888920389
HANG LUNG GROUP LIMITED,-0.25239292246109757
HANG LUNG PROPERTIES LIMITED,0.6961619618329833
Hang Seng Bank Limited,0.43267449397351637
Hankyu Hanshin Holdings Inc.,1.6974143396989578
Hannover Rueck SE,-0.041602948173523814
HANWHA AEROSPACE CO. LTD.,-0.041602948173523814
HANWHA CORP,-0.7266703646081377
HARGREAVES LANSDOWN PLC,-0.4631828967486708
HARLEY-DAVIDSON INC.,1.6974143396989578
Harmonic Drive Systems Inc.,-2.202200184621153
HARMONY GOLD MINING COMPANY LIMITED,-2.202200184621153
HARVEY NORMAN HOLDINGS LTD,-0.6739728710362445
Hasbro Inc.,1.6974143396989578
HASEKO Corporation,-0.9901578324676047
HAYS PLC,0.64346446826109
H.B. FULLER COMPANY,0.06379203897026305
HCA HEALTHCARE INC.,0.43267449397351637
HDC HOLDINGS CO.Ltd,-1.833317729617899
HEICO CORPORATION,-0.9901578324676047
Heidelberger Druckmaschinen Aktiengesellschaft,-0.8320653517519245
Heidelberg Materials AG,0.8015569489767707
Heineken Holding N.V.,0.11648953254215624
Heineken N.V.,0.5380694811173032
HELLENIC TELECOMMUNICATIONS ORGANIZATION S.A.,0.11648953254215624
HELLENiQ ENERGY Holdings Societe Anonyme,-1.2009478067551784
HelloFresh SE,0.43267449397351637
HELMERICH & PAYNE INC.,-1.7279227424741121
Helvetia Holding AG,0.06379203897026305
HENDERSON LAND DEVELOPMENT COMPANY LIMITED,-0.7793678581800314
Henkel AG & Co. KGaA,1.486624365411384
HENRY SCHEIN INC.,0.43267449397351637
HERBALIFE LTD.,-1.0955528196113915
HERC HOLDINGS INC.,0.43267449397351637
HERMES INTERNATIONAL S.C.A.,0.5380694811173032
HESS CORPORATION,1.6974143396989578
HEWLETT PACKARD ENTERPRISE COMPANY,1.6974143396989578
Hexagon Aktiebolag,-0.4104854031767776
HF SINCLAIR CORPORATION,-0.6739728710362445
HIKARI TSUSHIN INC.,-0.9901578324676047
HIKMA PHARMACEUTICALS PUBLIC LIMITED COMPANY,0.11648953254215624
HILTON WORLDWIDE HOLDINGS INC.,-0.4631828967486708
HINO MOTORS LTD.,-0.6212753774643514
HIROSE ELECTRIC CO. LTD.,0.16918702611404945
HISAMITSU PHARMACEUTICAL CO.INC.,-1.5171327681865387
HISCOX LTD,0.8015569489767707
Hitachi Construction Machinery Co. Ltd.,0.7488594554048765
Hitachi Ltd.,0.906951936120557
H & M Hennes & Mauritz AB,0.5380694811173032
HOCHTIEF Aktiengesellschaft,1.2758343911238104
Hokkaido Electric Power Company Incorporated,-1.833317729617899
Hokuhoku Financial Group Inc.,-1.0428553260394984
Hokuriku Electric Power Company,-2.412990158908726
Holcim AG,0.5907669746891969
Holmen Aktiebolag,0.43267449397351637
HOLOGIC INC.,0.48537198754541006
HONDA MOTOR CO. LTD.,0.6961619618329833
Hong Kong Exchanges and Clearing Limited,0.64346446826109
Hongkong Land Holdings Limited,-0.8847628453238182
HON HAI PRECISION INDUSTRY CO. LTD.,-1.8860152231897922
HORIBALtd.,-0.9374603388957115
HORMEL FOODS CORPORATION,0.8542544425486638
HOSHIZAKI CORPORATION,-0.14699793531731067
HOWMET AEROSPACE INC.,-0.5685778838924577
HP INC.,0.6961619618329833
H & R BLOCK INC.,0.16918702611404945
HSBC HOLDINGS PLC,0.32727950682972995
HTC Corporation,-1.3590402874708585
HUBBELL INCORPORATED,0.06379203897026305
Huber+Suhner AG,-0.7266703646081377
HUBSPOT INC.,0.8015569489767707
HUGO BOSS AG,0.906951936120557
H.U. Group Holdings Inc.,1.5920193525551714
Huhtamaki Oyj,-0.19969542888920389
Hulic Co.Ltd.,-0.14699793531731067
HUMANA INC.,0.1902660235428068
HUNTINGTON BANCSHARES INCORPORATED,0.43267449397351637
HUNTINGTON INGALLS INDUSTRIES INC.,0.8542544425486638
HUNTSMAN CORPORATION,-0.5685778838924577
Husqvarna AB,0.7488594554048765
HYATT HOTELS CORPORATION,-1.148250313183285
HYDRO ONE LIMITED,0.2745820132578363
HYSAN DEVELOPMENT COMPANY LIMITED,-0.041602948173523814
HYUNDAI MIPO DOCKYARD CO.LTD,-1.411737781042752
IAC INC.,-2.571082639624406
IA FINANCIAL CORPORATION INC,0.64346446826109
IAMGOLD CORPORATION,0.906951936120557
Iberdrola S.A.,1.3285318846957044
IBIDEN CO.LTD.,1.6974143396989578
ICL GROUP LTD,-1.2009478067551784
Idemitsu Kosan Co.Ltd.,0.2745820132578363
IDEX CORPORATION,0.6961619618329833
IDEXX LABORATORIES INC.,1.6974143396989578
Idorsia Ltd,-0.19969542888920389
IDP EDUCATION LIMITED,0.7488594554048765
IG GROUP HOLDINGS PLC,-0.4631828967486708
IGM FINANCIAL INC,0.06379203897026305
IGO LIMITED,0.906951936120557
IHI Corporation,0.8542544425486638
Iida Group Holdings Co.Ltd.,-1.6752252489022188
ILLINOIS TOOL WORKS INC.,0.011094545398369382
ILLUMINA INC.,-0.4631828967486708
ILUKA RESOURCES LIMITED,0.906951936120557
IMCD N.V.,0.011094545398369382
IMERYS SA,0.906951936120557
IMI PLC,0.8542544425486638
IMPALA PLATINUM HOLDINGS LIMITED,0.06379203897026305
IMPERIAL BRANDS PLC,-0.3577879096048844
IMPERIAL OIL LTD,-0.041602948173523814
Implenia AG,1.6974143396989578
INCITEC PIVOT LIMITED,0.3799770004016232
INCYTE CORPORATION,0.16918702611404945
Indra Sistemas S.A.,0.43267449397351637
INDUS Holding Aktiengesellschaft,-0.7266703646081377
INDUSIND BANK LTD.,-0.9374603388957115
Industria de Diseno Textil S.A.,0.64346446826109
Indutrade Aktiebolag,0.16918702611404945
INFICON HOLDING AG,0.43267449397351637
Infineon Technologies AG,0.8542544425486638
INFORMA PLC,1.3285318846957044
INFRASTRUTTURE WIRELESS ITALIANE S.P.A.,-0.30509041603299075
INFRATIL LIMITED,0.16918702611404945
INGERSOLL RAND INC.,0.32727950682972995
INGEVITY CORPORATION,-0.6739728710362445
ING Groep N.V.,0.5907669746891969
INGREDION INCORPORATED,0.5907669746891969
INPEX CORPORATION,0.8015569489767707
InPost S.A.,-0.09430044174541748
INSULET CORPORATION,0.32727950682972995
INSURANCE AUSTRALIA GROUP LIMITED,0.9438401816208826
INTACT FINANCIAL CORP,0.64346446826109
INTEL CORPORATION,1.6974143396989578
INTERCONTINENTAL EXCHANGE INC.,-0.4631828967486708
INTERCONTINENTAL HOTELS GROUP PLC,0.2218845196859431
INTERNATIONAL BUSINESS MACHINES CORPORATION,0.8542544425486638
International Consolidated Airlines Group S.A.,-1.0955528196113915
INTERNATIONAL DISTRIBUTIONS SERVICES PLC,0.8542544425486638
INTERNATIONAL FLAVORS & FRAGRANCES INC.,0.8542544425486638
INTERNATIONAL GAME TECHNOLOGY PLC,1.6974143396989578
INTERNATIONAL PAPER COMPANY,0.8015569489767707
Interroll Holding AG,0.11648953254215624
INTERTEK GROUP PLC,1.1704394039800239
INTESA SANPAOLO SPA,0.6961619618329833
INTUIT INC.,1.1704394039800239
INTUITIVE SURGICAL INC.,-0.19969542888920389
INVESCO LTD.,0.5380694811173032
INVESTEC PLC,1.0650444168362376
Investmentaktiebolaget Latour,-0.041602948173523814
Investor Aktiebolag,-0.09430044174541748
IPG PHOTONICS CORPORATION,-0.6212753774643514
IPSEN SA,-0.3577879096048844
IQVIA HOLDINGS INC,0.7488594554048765
Isetan Mitsukoshi Holdings Ltd.,0.906951936120557
ISRAEL CORPORATION LTD.,-0.8847628453238182
ISRAEL DISCOUNT BANK LIMITED,-1.2009478067551784
Tokyu Fudosan Holdings Corporation,0.7488594554048765
TOLL BROTHERS INC.,-0.6212753774643514
TOPDANMARK A/S,1.5393218589832773
TOPPAN Holdings Inc.,0.011094545398369382
TORAY INDUSTRIES INC.,1.6974143396989578
TOROMONT INDUSTRIES LTD,-0.4631828967486708
TORONTO-DOMINION BANK,0.8015569489767707
TOSOH CORPORATION,-0.4631828967486708
TotalEnergies SE,0.906951936120557
TOTO LTD.,0.7488594554048765
TOWER SEMICONDUCTOR LTD,-1.411737781042752
TOYODA GOSEI CO. LTD.,-1.833317729617899
Toyo Seikan Group Holdings Ltd.,-0.3577879096048844
TOYO SUISAN KAISHA LTD.,-0.3577879096048844
TOYOTA BOSHOKU CORPORATION,-2.3075951717649392
TOYOTA INDUSTRIES CORPORATION,-1.8860152231897922
TOYOTA MOTOR CORPORATION,-0.4631828967486708
TOYOTA TSUSHO CORPORATION,-1.8860152231897922
TRACTOR SUPPLY COMPANY,0.906951936120557
TRADEWEB MARKETS INC.,-1.7806202360460057
TRANE TECHNOLOGIES PLC,1.6974143396989578
TransAlta Corporation,0.2745820132578363
TRANSDIGM GROUP INCORPORATED,-2.0441077039054725
Transocean Ltd.,-1.7279227424741121
TRANSUNION,0.11648953254215624
TRAVIS PERKINS PLC,0.43267449397351637
TREASURY WINE ESTATES LIMITED,0.11648953254215624
Trelleborg AB,-0.6739728710362445
Trend Micro Incorporated,-0.041602948173523814
TRICAN WELL SERVICE LTD.,-0.6739728710362445
TRIMBLE INC.,0.906951936120557
TRIPADVISOR INC.,-1.9387127167616858
T. ROWE PRICE GROUP INC.,-0.7793678581800314
Truist Financial Corporation,0.06379203897026305
TRYG A/S,0.8015569489767707
TSUMURA & CO.,-0.3577879096048844
TSURUHA HOLDINGS INC.,-1.5171327681865387
TULLOW OIL PLC,0.16918702611404945
TURKIYE GARANTI BANKASI ANONIM SIRKETI,-1.0428553260394984
TWILIO INC.,0.43267449397351637
TX Group AG,-2.3075951717649392
TYLER TECHNOLOGIES INC.,-0.6739728710362445
TYSON FOODS INC.,-0.6739728710362445
UBE Corporation,-0.3577879096048844
UBER TECHNOLOGIES INC.,-0.5158803903205644
UBISOFT ENTERTAINMENT SA,0.64346446826109
u-blox Holding AG,0.06379203897026305
UBS Group AG,0.906951936120557
UCB SA,0.2745820132578363
UGI CORPORATION,1.6974143396989578
U-Haul Holding Company,-1.0955528196113915
UIPATH INC.,0.5907669746891969
ULTA BEAUTY INC.,0.64346446826109
UMICORE SA,0.2745820132578363
UMW HOLDINGS BERHAD,0.32727950682972995
UNDER ARMOUR INC.,-0.5158803903205644
UNICAJA BANCO S.A.,-0.6739728710362445
UNICHARM CORPORATION,0.64346446826109
UNICREDIT SOCIETA PER AZIONI,0.5907669746891969
UNILEVER PLC,0.9596494296924503
UNION PACIFIC CORPORATION,0.3799770004016232
UNIPOL GRUPPO S.P.A.,-0.041602948173523814
UNIPOLSAI ASSICURAZIONI S.P.A.,-0.19969542888920389
UNITED AIRLINES HOLDINGS INC.,-1.8860152231897922
UNITEDHEALTH GROUP INCORPORATED,0.906951936120557
United Internet AG,0.11648953254215624
UNITED OVERSEAS BANK LIMITED,0.6961619618329833
UNITED PARCEL SERVICE INC.,0.16918702611404945
UNITED RENTALS INC.,0.43267449397351637
UNITED STATES STEEL CORPORATION,-0.8847628453238182
UNITED THERAPEUTICS CORPORATION,-1.148250313183285
UNITED UTILITIES GROUP PLC,-0.30509041603299075
Unity Software Inc,-1.3063427938989651
UNIVERSAL HEALTH SERVICES INC.,-3.203452562487127
Universal Music Group N.V.,0.43267449397351637
UNUM GROUP,-0.8847628453238182
UOL GROUP LIMITED,0.2745820132578363
UPM-Kymmene Oyj,1.6974143396989578
Upstart Holdings Inc,-1.833317729617899
URBAN OUTFITTERS INC.,-0.9901578324676047
U.S. BANCORP,-0.30509041603299075
USHIO INC.,0.6961619618329833
USS Co. Ltd.,0.906951936120557
VAIL RESORTS INC.,0.906951936120557
VALEO SE,1.6974143396989578
VALERO ENERGY CORPORATION,0.16918702611404945
Valiant Holding AG,-0.4104854031767776
VAT Group AG,0.8542544425486638
VEDANTA RESOURCES LIMITED,-2.360292665336833
VEEVA SYSTEMS INC.,0.011094545398369382
VENTURE CORPORATION LIMITED,0.16918702611404945
VEOLIA ENVIRONNEMENT SA,0.11648953254215624
VERALTO CORPORATION,1.3812293782675977
VERBUND AG,1.6974143396989578
VERISIGN INC.,-0.4104854031767776
VERISK ANALYTICS INC.,-0.4631828967486708
VERIZON COMMUNICATIONS INC.,0.2218845196859431
Vermilion Energy Inc.,1.6974143396989578
VERTEX PHARMACEUTICALS INCORPORATED,-0.19969542888920389
VERTIV HOLDINGS CO,-0.7266703646081377
VESTAS WIND SYSTEMS A/S,1.486624365411384
Vetropack Holding SA,-2.676477626768193
V.F. CORPORATION,1.5920193525551714
VIATRIS INC.,-1.411737781042752
VICAT SA,-1.3590402874708585
VICTORIA'S SECRET & CO.,-0.25239292246109757
VIENNA INSURANCE GROUP AG Wiener Versicherung Gruppe,-1.0955528196113915
VINCI SA,-0.25239292246109757
VISA INC.,0.16918702611404945
VISTRA CORP.,-1.3590402874708585
Vitasoy International Holdings Ltd,0.16918702611404945
VIVENDI SE,-0.4104854031767776
VMWARE LLC,0.8015569489767707
VODAFONE GROUP PUBLIC LIMITED COMPANY,-0.041602948173523814
voestalpine AG,0.11648953254215624
VOLKSWAGEN AKTIENGESELLSCHAFT,-2.729175120340087
Volvo Car AB,-0.09430044174541748
Vonovia SE,-0.041602948173523814
VONTIER CORPORATION,0.32727950682972995
Vontobel Holding AG,0.5380694811173032
VOYA FINANCIAL INC.,-0.25239292246109757
VULCAN MATERIALS COMPANY,-0.30509041603299075
VZ Holding AG,-1.9387127167616858
V-ZUG Holding AG,0.9438401816208826
Wacker Chemie AG,-1.3063427938989651
WALGREENS BOOTS ALLIANCE INC.,0.2745820132578363
WALMART INC.,-0.6739728710362445
WARNER BROS. DISCOVERY INC.,-1.0955528196113915
WARNER MUSIC GROUP CORP.,-0.6212753774643514
Wartsila Oyj Abp,1.6974143396989578
WASHINGTON H. SOUL PATTINSON AND COMPANY LIMITED,-1.7806202360460057
WASTE CONNECTIONS INC.,-0.6212753774643514
WASTE MANAGEMENT INC.,-0.5158803903205644
WATERS CORPORATION,1.1704394039800239
WATSCO INC.,-0.4631828967486708
WAYFAIR INC.,-1.0428553260394984
WEATHERFORD INTERNATIONAL PUBLIC LIMITED COMPANY,0.16918702611404945
WEBSTER FINANCIAL CORPORATION,-0.8320653517519245
WEC ENERGY GROUP INC.,0.3799770004016232
WEIR GROUP PLC(THE),0.8542544425486638
WELCIA HOLDINGS CO.LTD.,-0.041602948173523814
WELLS FARGO & COMPANY,-2.0441077039054725
WENDEL SE,0.8015569489767707
WESFARMERS LIMITED,0.011094545398369382
WESTERN DIGITAL CORPORATION,0.6961619618329833
West Fraser Timber Co. Ltd.,0.7488594554048765
WESTINGHOUSE AIR BRAKE TECHNOLOGIES CORPORATION,-0.30509041603299075
West Japan Railway Company,0.64346446826109
WESTLAKE CORPORATION,-1.148250313183285
WESTPAC BANKING CORPORATION,0.06379203897026305
WEST PHARMACEUTICAL SERVICES INC.,0.5907669746891969
WHARF REAL ESTATE INVESTMENT COMPANY LIMITED,-0.6212753774643514
Wheaton Precious Metals Corp.,0.8542544425486638
WH GROUP LIMITED,-0.9374603388957115
WHIRLPOOL CORPORATION,1.1704394039800239
WHITBREAD PLC,0.5907669746891969
WHITE MOUNTAINS INSURANCE GROUP LTD.,-1.4644352746146454
Wienerberger AG,1.6974143396989578
WILLIAMS-SONOMA INC.,1.6974143396989578
Willis Towers Watson Public Limited Company,-0.041602948173523814
WILMAR INTERNATIONAL LIMITED,0.8542544425486638
Wise PLC,-0.25239292246109757
WISETECH GLOBAL LIMITED,0.43267449397351637
Wistron Corporation,-0.25239292246109757
WIX.COM LTD,0.8015569489767707
WM MORRISON SUPERMARKETS LIMITED,-0.3577879096048844
Wolfspeed Inc.,0.8542544425486638
Wolters Kluwer N.V.,1.0650444168362376
WOODSIDE ENERGY GROUP LTD,1.6974143396989578
WOOLWORTHS GROUP LIMITED,0.11648953254215624
WORKDAY INC.,1.4339268718394909
WORLDLINE SA,0.64346446826109
WORLEY LIMITED,0.8015569489767707
WPP PLC,0.8542544425486638
W. R. BERKLEY CORPORATION,-1.833317729617899
WSP GLOBAL INC.,0.5907669746891969
W.W. GRAINGER INC.,1.0650444168362376
Wynn Macau Limited,-1.4644352746146454
WYNN RESORTS LIMITED,-1.6752252489022188
Xcel Energy Inc.,0.64346446826109
XERO LIMITED,0.8015569489767707
Xerox Holdings Corp,0.8015569489767707
Xinjiang Zhongtai Chemical Co. Ltd.,-0.8847628453238182
XINYI GLASS HOLDINGS LIMITED,-2.729175120340087
XPO INC.,-0.041602948173523814
XYLEM INC.,1.1704394039800239
YAKULT HONSHA CO.LTD.,-0.6739728710362445
YAMADA HOLDINGS CO.LTD.,0.5380694811173032
Yamaguchi Financial Group Inc.,-0.8320653517519245
YAMAHA CORPORATION,1.6974143396989578
Yamaha Motor Co. Ltd.,1.6974143396989578
YAMANA GOLD INC.,0.16918702611404945
YAMATO HOLDINGS CO.LTD.,0.43267449397351637
YAMATO KOGYO CO.LTD.,-1.4644352746146454
YAMAZAKI BAKING CO. LTD.,-1.3590402874708585
Yangzijiang Shipbuilding (Holdings) Ltd.,-1.411737781042752
YARA INTERNATIONAL ASA,0.2745820132578363
YASKAWA Electric Corporation,1.6974143396989578
YIT Oyj,0.8542544425486638
Yokogawa Electric Corporation,1.6974143396989578
Ypsomed Holding AG,0.06379203897026305
YUE YUEN INDUSTRIAL (HOLDINGS) LIMITED,-1.3063427938989651
YUM! Brands Inc.,-0.8320653517519245
YUM CHINA HOLDINGS INC.,0.64346446826109
YUNNAN BAIYAO GROUP CO. LTD,0.16918702611404945
Yunnan Energy New Material Co. Ltd.,0.11648953254215624
Zalando SE,0.906951936120557
Zealand Pharma A/S,-1.3063427938989651
ZEBRA TECHNOLOGIES CORPORATION,0.011094545398369382
Zehnder Group AG,-0.3577879096048844
ZENSHO HOLDINGS CO.LTD.,-1.3063427938989651
ZILLOW GROUP INC.,-1.3590402874708585
ZIM INTEGRATED SHIPPING SERVICES LTD,-1.2536453003270716
ZIMMER BIOMET HOLDINGS INC.,0.906951936120557
ZIMVIE INC.,0.43267449397351637
ZIONS BANCORPORATION NATIONAL ASSOCIATION,-0.6739728710362445
ZOETIS INC.,1.6974143396989578
ZOOMINFO TECHNOLOGIES INC.,0.8015569489767707
ZOOM VIDEO COMMUNICATIONS INC.,-0.9374603388957115
ZOZO Inc.,0.8015569489767707
ZSCALER INC.,0.2745820132578363
Zuger Kantonalbank,-0.9374603388957115
Zurich Insurance Group AG,1.3285318846957044
